GR,SP,RT,AC,SH,POR,PERM,SW,DEPTH,AC_line_3,AC_line_4,AC_line_5,AC_point_3,AC_point_4,AC_point_5,C_3_MASK,C_4_MASK,C_5_MASK,R_3_MASK,R_4_MASK,R_5_MASK
0.336855602,0.4306651,0.317152022,0.298820204,0.428345763,0,0,1,0,0.298820204,0.298820204,0.298820204,0.298820204,0.298820204,0.298820204,0,0,0,0,0,0
0.32322424,0.422526151,0.309221327,0.2876613,0.409389843,0,0,1,0.001669449,0.2876613,0.2876613,0.2876613,0.2876613,0.2876613,0.2876613,0,0,0,0,0,0
0.310802332,0.412261565,0.300204582,0.277387243,0.188538331,0.342855245,0,1,0.003338898,0.277387243,0.277387243,0.277387243,0.277387243,0.277387243,0.277387243,0,0,0,0,0,0
0.315058154,0.3918163,0.287853914,0.277854246,0.238238518,0.377001262,0,1,0.005008347,0.277854246,0.277854246,0.277854246,0.277854246,0.277854246,0.277854246,0,0,0,0,0,0
0.380859712,0.373972143,0.258909403,0.295846135,0.272217327,0.413140238,0,0.932240997,0.006677796,0.295846135,0.295846135,0.295846135,0.295846135,0.295846135,0.295846135,0,0,0,0,0,0
0.420089663,0.360351289,0.231480312,0.323350129,0.302338327,0.427223809,0,0.926622859,0.008347245,0.323350129,0.323350129,0.323350129,0.323350129,0.323350129,0.323350129,0,0,0,0,0,0
0.450216883,0.346478716,0.209708787,0.356531891,0.315330224,0.429150335,0,0.953433464,0.010016694,0.356531891,0.356531891,0.356531891,0.356531891,0.356531891,0.356531891,0,0,0,0,0,0
0.453517874,0.322453432,0.188492915,0.422059727,0.336875927,0.41559822,0,1,0.011686144,0.422059727,0.422059727,0.422059727,0.422059727,0.422059727,0.422059727,0,0,0,0,0,0
0.47035929,0.301644571,0.156694365,0.456408996,0.359077135,0.401448216,0,1,0.013355593,0.456408996,0.456408996,0.456408996,0.456408996,0.456408996,0.456408996,0,0,0,0,0,0
0.48913765,0.284751356,0.132397141,0.478665356,0.375830127,0.406098452,0,1,0.015025042,0.478665356,0.478665356,0.478665356,0.478665356,0.478665356,0.478665356,0,0,0,0,0,0
0.504851455,0.266571572,0.117141919,0.487796485,0.359442498,0.424566532,0,1,0.016694491,0.487796485,0.487796485,0.487796485,0.487796485,,0.487796485,0,0,0,0,1,0
0.492238581,0.234295463,0.104008284,0.469620253,0.26985321,0.466152926,0,1,0.01836394,0.469620253,0.469620253,0.469620253,0.469620253,,0.469620253,0,0,0,0,1,0
0.397473788,0.20696985,0.088146895,0.452181394,0.227159406,0.513319604,0,0.933137054,0.020033389,0.452181394,0.452181394,0.452181394,0.452181394,,0.452181394,0,0,0,0,1,0
0.348195368,0.187111932,0.078220898,0.440113064,0.197102882,0.54195177,0,0.882957843,0.021702838,0.440113064,0.440113064,0.440113064,0.440113064,0.440113064,0.440113064,0,0,0,0,0,0
0.309411005,0.168484645,0.074205036,0.437089837,0.18471276,0.568125955,0,0.831783012,0.023372287,0.437089837,0.437089837,0.437089837,,0.437089837,,0,0,0,1,0,1
0.291842098,0.14398389,0.072260248,0.444426693,0.17823293,0.592107885,0,0.785529385,0.025041736,0.444426693,0.444426693,0.444426693,,0.444426693,,0,0,0,1,0,1
0.282784835,0.128349276,0.074381835,0.449416247,0.177298029,0.602936292,0,0.759870854,0.026711185,0.449416247,0.449416247,0.449416247,,0.449416247,,0,0,0,1,0,1
0.281729974,0.122419869,0.079357462,0.450706649,0.176911174,0.590579951,0,0.774662912,0.028380634,0.450706649,0.450706649,0.450706649,,0.450706649,,0,0,0,1,0,1
0.280702393,0.120490015,0.086202106,0.449797223,0.183799351,0.569720322,0,0.804346589,0.030050083,0.449797223,0.449797223,0.449797223,,0.449797223,0.449797223,0,0,0,1,0,0
0.290987296,0.125496448,0.095042053,0.442263734,0.229491285,0.5357736,0,0.863244581,0.031719533,0.442263734,0.442263734,0.442263734,,0.442263734,0.442263734,0,0,0,1,0,0
0.352596688,0.132488673,0.113100801,0.438761214,0.263287412,0.504550588,0,0.905416169,0.033388982,0.438761214,0.438761214,0.438761214,0.438761214,0.438761214,0.438761214,0,0,0,0,0,0
0.39425464,0.138781675,0.129568358,0.435848593,0.298630961,0.493124294,0,0.90437788,0.035058431,0.435848593,0.435848593,0.435848593,0.435848593,0.435848593,0.435848593,0,0,0,0,0,0
0.436167214,0.145102646,0.141843255,0.431829913,0.309710073,0.485949645,0,0.901362576,0.03672788,0.431829913,0.431829913,0.431829913,0.431829913,0.431829913,0.431829913,0,0,0,0,0,0
0.450580629,0.155507076,0.153486727,0.419110237,0.295955211,0.476117717,0,0.907549639,0.038397329,0.419110237,0.419110237,0.419110237,0.419110237,0.419110237,0.419110237,0,0,0,0,0,0
0.436067184,0.163897746,0.168741949,0.409942239,0.291130263,0.462366306,0,0.920122888,0.040066778,0.409942239,0.409942239,0.409942239,0.409942239,0.409942239,0.409942239,0,0,0,0,0,0
0.431438522,0.169044023,0.178870002,0.40054074,0.296750414,0.44881419,0,0.94283723,0.041736227,0.40054074,0.40054074,0.40054074,0.40054074,0.40054074,0.40054074,0,0,0,0,0,0
0.439249957,0.172959669,0.183012149,0.389037729,0.294020933,0.433601275,0,0.982903795,0.043405676,0.389037729,0.389037729,0.389037729,0.389037729,0.389037729,0.389037729,0,0,0,0,0,0
0.440759501,0.176903284,0.185411563,0.357871451,0.231103183,0.420846343,0,1,0.045075125,0.357871451,0.357871451,0.357871451,0.357871451,0.357871451,0.357871451,0,0,0,0,0,0
0.36642811,0.179672205,0.186952239,0.338417107,0.18329429,0.423570052,0,1,0.046744574,0.338417107,0.338417107,0.338417107,0.338417107,0.338417107,0.338417107,0,0,0,0,0,0
0.303309175,0.181769872,0.186977496,0.325328745,0.140310344,0.449877101,0,0.926309951,0.048414023,0.325328745,0.325328745,0.325328745,0.325328745,0.325328745,0.325328745,0,0,0,0,0,0
0.240626733,0.183867539,0.185537848,0.317844414,0.110877087,0.491131336,0,0.81679183,0.050083472,0.317844414,0.317844414,0.317844414,0.317844414,0.317844414,0.317844414,0,0,0,0,0,0
0.194958488,0.186664429,0.183391003,0.311097456,0.08698876,0.548594964,0,0.69165671,0.051752922,0.311097456,0.311097456,0.311097456,0.311097456,0.311097456,0.311097456,0,0,0,0,0,0
0.15573763,0.190020697,0.180410679,0.307914465,0.079165682,0.58951704,0,0.619019173,0.053422371,0.307914465,0.307914465,0.307914465,0.307914465,0.307914465,0.307914465,0,0,0,0,0,0
0.143852247,0.195642446,0.178895259,0.303994101,0.079326871,0.582608118,0,0.633100074,0.05509182,0.303994101,0.303994101,0.303994101,0.303994101,0.303994101,0.303994101,0,0,0,0,0,0
0.144188711,0.205599373,0.179400399,0.301818852,0.084420469,0.556433933,0,0.681430278,0.056761269,0.301818852,0.301818852,0.301818852,0.301818852,0.301818852,0.301818852,0,0,0,0,0,0
0.150399665,0.233708117,0.18106736,0.313493917,0.122085151,0.502956221,0,0.794731752,0.058430718,0.313493917,0.313493917,0.313493917,0.313493917,0.313493917,0.313493917,0,0,0,0,0,0
0.21149072,0.264222185,0.185765161,0.329101635,0.335500441,0,0,1,0.060100167,0.329101635,0.329101635,0.329101635,0.329101635,0.329101635,,0,0,0,0,0,1
0.259532405,0.291855457,0.191043871,0.34905985,0.407928389,0,0,1,0.061769616,0.34905985,0.34905985,0.34905985,0.34905985,0.34905985,,0,0,0,0,0,1
0.309829312,0.322033898,0.19617104,0.369460489,0.48082916,0,0,1,0.063439065,0.369460489,0.369460489,0.369460489,0.369460489,0.369460489,,0,0,0,0,0,1
0.35625233,0.374223863,0.202106433,0.402212117,0.615014292,0,0,1,0.065108514,0.402212117,0.402212117,0.402212117,0.402212117,0.402212117,,0,0,0,0,0,1
0.432738913,0.418806287,0.211047407,0.414993241,0.668948398,0,0,1,0.066777963,0.414993241,0.414993241,0.414993241,0.414993241,0.414993241,,0,0,0,0,0,1
0.460756409,0.448089724,0.216932286,0.419220843,0.684938425,0,0,1,0.068447412,0.419220843,0.419220843,0.419220843,0.419220843,0.419220843,0.419220843,0,0,0,0,0,0
0.468795184,0.473373609,0.218296163,0.417328254,0.697726149,0,0,1,0.070116861,0.417328254,0.417328254,0.417328254,0.417328254,0.417328254,0.417328254,0,0,0,0,0,0
0.475142543,0.502097667,0.217588968,0.397664987,0.656805433,0,0,1,0.071786311,0.397664987,0.397664987,0.397664987,0.397664987,0.397664987,0.397664987,0,0,0,0,0,0
0.454572735,0.519913856,0.212840654,0.392097825,0.630703432,0,0,1,0.07345576,0.392097825,0.392097825,0.392097825,0.392097825,0.392097825,0.392097825,0,0,0,0,0,0
0.44103231,0.526122951,0.207233602,0.399176601,0.605289174,0,0,1,0.075125209,0.399176601,0.399176601,0.399176601,0.399176601,0.399176601,0.399176601,0,0,0,0,0,0
0.427537352,0.528472339,0.202081176,0.419011921,0.594446474,0,0,1,0.076794658,0.419011921,0.419011921,0.419011921,0.419011921,0.419011921,0.419011921,0,0,0,0,0,0
0.42168105,0.523829502,0.196095269,0.466670763,0.546487137,0,0,1,0.078464107,0.466670763,0.466670763,0.466670763,0.466670763,0.466670763,,0,0,0,0,0,1
0.394991225,0.515438832,0.184047685,0.489455573,0.510412861,0,0,1,0.080133556,0.489455573,0.489455573,0.489455573,0.489455573,0.489455573,,0,0,0,0,0,1
0.374039485,0.505370029,0.172227414,0.502064643,0.489296998,0,0,1,0.081803005,0.502064643,0.502064643,0.502064643,0.502064643,0.502064643,,0,0,0,0,0,1
0.361399329,0.492756055,0.163059127,0.508086518,0.463409916,0,0,1,0.083472454,0.508086518,0.508086518,0.508086518,0.508086518,0.508086518,,0,0,0,0,0,1
0.345503651,0.465654193,0.15371404,0.496313138,0.445184724,0,0,1,0.085141903,0.496313138,0.496313138,0.496313138,0.496313138,0.496313138,0.496313138,0,0,0,0,0,0
0.334036575,0.437881076,0.139519612,0.473884724,0.423553053,0,0,1,0.086811352,0.473884724,0.473884724,0.473884724,0.473884724,,0.473884724,0,0,0,0,1,0
0.320105122,0.413883761,0.128002425,0.446098071,0.39427024,0,0,1,0.088480801,0.446098071,0.446098071,0.446098071,0.446098071,,0.446098071,0,0,0,0,1,0
0.300681113,0.387285339,0.121258808,0.420253165,0.17180683,0.358732479,0,1,0.09015025,0.420253165,0.420253165,0.420253165,0.420253165,,0.420253165,0,0,0,0,1,0
0.270835796,0.338871175,0.115727528,0.39679243,0.15121752,0.412276623,0,1,0.091819699,0.39679243,0.39679243,0.39679243,0.39679243,0.39679243,0.39679243,0,0,0,0,0,0
0.242909236,0.293757342,0.110196247,0.392958093,0.152410325,0.480170066,0,0.977755021,0.093489149,0.392958093,0.392958093,0.392958093,0.392958093,0.392958093,0.392958093,0,0,0,0,0,0
0.248138078,0.260110757,0.107493749,0.393044119,0.156955877,0.521357869,0,0.873883484,0.095158598,0.393044119,0.393044119,0.393044119,0.393044119,0.393044119,,0,0,0,0,0,1
0.257377213,0.22677183,0.107897861,0.392085535,0.161447699,0.550986514,0,0.804275474,0.096828047,0.392085535,0.392085535,0.392085535,0.392085535,0.392085535,,0,0,0,0,0,1
0.267134686,0.17827376,0.109792135,0.383839253,0.166992628,0.554108816,0,0.794105934,0.098497496,0.383839253,0.383839253,0.383839253,0.383839253,0.383839253,,0,0,0,0,0,1
0.277437777,0.139900431,0.116030611,0.373651223,0.170033742,0.528001063,0,0.841796097,0.100166945,0.373651223,0.373651223,0.373651223,0.373651223,0.373651223,0.373651223,0,0,0,0,0,0
0.283530514,0.118112659,0.123405653,0.357220106,0.167970513,0.491795655,0,0.919440178,0.101836394,0.357220106,0.357220106,0.357220106,0.357220106,0.357220106,0.357220106,0,0,0,0,0,0
0.282548401,0.100716004,0.130326068,0.334816271,0.166777709,0.455523816,0,1,0.103505843,0.334816271,0.334816271,0.334816271,0.334816271,0.334816271,0.334816271,0,0,0,0,0,0
0.287031564,0.084186385,0.138155735,0.288349515,0.15764362,0.429416063,0,1,0.105175292,0.288349515,0.288349515,0.288349515,0.288349515,0.288349515,0.288349515,0,0,0,0,0,0
0.276419289,0.075711808,0.151819766,0.262271107,0.143136539,0.423636484,0,1,0.106844741,0.262271107,0.262271107,0.262271107,0.262271107,0.262271107,0.262271107,0,0,0,0,0,0
0.256185947,0.075627902,0.164170434,0.246761706,0.123460637,0.434531323,0,1,0.10851419,0.246761706,0.246761706,0.246761706,0.246761706,0.246761706,0.246761706,0,0,0,0,0,0
0.226095101,0.079068076,0.172202157,0.238675187,0.116389778,0.444429682,0,0.967514365,0.110183639,0.238675187,0.238675187,0.238675187,0.238675187,,0.238675187,0,0,0,0,1,0
0.212481926,0.092017676,0.179021544,0.251308836,0.128403791,0.447419119,0,0.946833931,0.111853088,0.251308836,0.251308836,0.251308836,0.251308836,,0.251308836,0,0,0,0,1,0
0.229114189,0.107792135,0.184502311,0.272237926,0.142599239,0.442503156,0,0.952636969,0.113522538,0.272237926,0.272237926,0.272237926,0.272237926,,0.272237926,0,0,0,0,1,0
0.247065029,0.122923309,0.185260021,0.29972963,0.167250532,0.434531323,0,0.976105137,0.115191987,0.29972963,0.29972963,0.29972963,0.29972963,0.29972963,0.29972963,0,0,0,0,0,0
0.278556294,0.140208089,0.181345187,0.33512351,0.198575082,0.429947519,0,0.997468282,0.116861436,0.33512351,0.33512351,0.33512351,0.33512351,0.33512351,0.33512351,0,0,0,0,0,0
0.310729583,0.170106841,0.175005683,0.409192577,0.253583786,0.443233907,0,0.966333845,0.118530885,0.409192577,0.409192577,0.409192577,0.409192577,0.409192577,0.409192577,0,0,0,0,0,0
0.375821837,0.196873077,0.160912282,0.455388964,0.287089772,0.472995416,0,0.903496046,0.120200334,0.455388964,0.455388964,0.455388964,0.455388964,0.455388964,0.455388964,0,0,0,0,0,0
0.412323697,0.21432567,0.146288485,0.486481504,0.317318232,0.49983392,0,0.85742732,0.121869783,0.486481504,0.486481504,0.486481504,0.486481504,0.486481504,0.486481504,0,0,0,0,0,0
0.444615203,0.229848409,0.134821812,0.50615706,0.333953019,0.524280874,0,0.81751721,0.123539232,0.50615706,0.50615706,0.50615706,0.50615706,0.50615706,0.50615706,0,0,0,0,0,0
0.463066193,0.247468815,0.123153083,0.5115153,0.31986503,0.544077593,0,0.792612505,0.125208681,0.5115153,0.5115153,0.5115153,,0.5115153,0.5115153,0,0,0,1,0,0
0.450353288,0.258096996,0.106104614,0.502064643,0.322916891,0.554773135,0,0.799212038,0.12687813,0.502064643,0.502064643,0.502064643,,0.502064643,0.502064643,0,0,0,1,0,0
0.456991643,0.259579348,0.092289041,0.486211134,0.320574266,0.554773135,0,0.825183478,0.128547579,0.486211134,0.486211134,0.486211134,,0.486211134,0.486211134,0,0,0,1,0,0
0.457746415,0.257369805,0.085217084,0.467076318,0.31207419,0.554374543,0,0.83994709,0.130217028,0.467076318,0.467076318,0.467076318,0.467076318,0.467076318,0.467076318,0,0,0,0,0,0
0.454245365,0.249482575,0.080342485,0.432935971,0.300618969,0.557496844,0,0.842777493,0.131886477,0.432935971,0.432935971,0.432935971,0.432935971,0.432935971,0.432935971,0,0,0,0,0,0
0.444124146,0.241623315,0.078422954,0.417623203,0.282372284,0.564140039,0,0.831882574,0.133555927,0.417623203,0.417623203,0.417623203,0.417623203,0.417623203,,0,0,0,0,0,1
0.42428183,0.236840633,0.080342485,0.411933145,0.259139461,0.568856706,0,0.817844342,0.135225376,0.411933145,0.411933145,0.411933145,0.411933145,0.411933145,,0,0,0,0,0,1
0.39695545,0.233652179,0.085570682,0.409475237,0.235412323,0.567195908,0,0.811102577,0.136894825,0.409475237,0.409475237,0.409475237,0.409475237,0.409475237,,0,0,0,0,0,1
0.371038584,0.234770935,0.093627661,0.385977633,0.205420276,0.537434398,0,0.862177846,0.138564274,0.385977633,0.385977633,0.385977633,0.385977633,0.385977633,,0,0,0,0,0,1
0.335346058,0.24072831,0.113530169,0.352980214,0.169539427,0.479107155,0,0.973971668,0.140233723,0.352980214,0.352980214,0.352980214,0.352980214,0.352980214,,0,0,0,0,0,1
0.289059445,0.250825083,0.136438259,0.307177092,0.137118786,0.421909254,0,1,0.141903172,0.307177092,0.307177092,0.307177092,0.307177092,0.307177092,0.307177092,0,0,0,0,0,0
0.245746451,0.265005314,0.156593337,0.251038466,0.111683036,0.360459709,0,1,0.143572621,0.251038466,0.251038466,0.251038466,0.251038466,0.251038466,0.251038466,0,0,0,0,0,0
0.218720162,0.295910947,0.178516404,0.14502888,0.083528552,0.288580349,0,1,0.14524207,0.14502888,0.14502888,0.14502888,,0.14502888,0.14502888,0,0,0,1,0,0
0.174443242,0.329417688,0.212108201,0.088914833,0.079842679,0.228791603,0,1,0.146911519,0.088914833,0.088914833,0.088914833,,0.088914833,0.088914833,0,0,0,1,0,0
0.169569053,0.3575544,0.239739348,0.060034411,0.092157579,0.218096061,0,1,0.148580968,0.060034411,0.060034411,0.060034411,,0.060034411,0.060034411,0,0,0,1,0,0
0.192157647,0.387956592,0.252367843,0.058117242,0.117518107,0.228260147,0,1,0.150250417,0.058117242,0.058117242,0.058117242,0.058117242,0.058117242,0.058117242,0,0,0,0,0,0
0.22206662,0.438496392,0.258656833,0.145237803,0.175868813,0.291702651,0,1,0.151919866,0.145237803,0.145237803,0.145237803,0.145237803,,0.145237803,0,0,0,0,1,0
0.300026372,0.485707893,0.252595156,0.244180902,0.49220916,0,0,1,0.153589316,0.244180902,0.244180902,0.244180902,0.244180902,,0.244180902,0,0,0,0,1,0
0.363154401,0.517872126,0.238804839,0.348826349,0.60921146,0,0,1,0.155258765,0.348826349,0.348826349,0.348826349,0.348826349,0.348826349,0.348826349,0,0,0,0,0,0
0.429637982,0.54874979,0.223726416,0.448273319,0.726675837,0,0,1,0.156928214,0.448273319,0.448273319,0.448273319,0.448273319,0.448273319,0.448273319,0,0,0,0,0,0
0.489255868,0.591570174,0.207763999,0.570910655,0.872746029,0,0,1,0.158597663,0.570910655,0.570910655,0.570910655,0.570910655,0.570910655,0.570910655,0,0,0,0,0,0
0.555475734,0.626866924,0.186497613,0.616996436,0.959390917,0,0,1,0.160267112,0.616996436,0.616996436,0.616996436,0.616996436,0.616996436,0.616996436,0,0,0,0,0,0
0.591331945,0.646193433,0.170358397,0.627958707,1,0,0,1,0.161936561,0.627958707,0.627958707,0.627958707,0.627958707,0.627958707,0.627958707,0,0,0,0,0,0
0.611692599,0.661856016,0.164018892,0.621752489,1,0,0,1,0.16360601,0.621752489,0.621752489,0.621752489,0.621752489,0.621752489,0.621752489,0,0,0,0,0,0
0.619558595,0.676791408,0.161164852,0.56649871,0.949461626,0,0,1,0.165275459,0.56649871,0.56649871,0.56649871,0.56649871,0.56649871,0.56649871,0,0,0,0,0,0
0.587339838,0.684734575,0.164599803,0.517401991,0.868211223,0,0,1,0.166944908,0.517401991,0.517401991,0.517401991,0.517401991,0.517401991,0.517401991,0,0,0,0,0,0
0.553529695,0.684203166,0.17268204,0.472704928,0.787519611,0,0,1,0.168614357,0.472704928,0.472704928,0.472704928,0.472704928,,,0,0,0,0,1,1
0.517800795,0.679448453,0.182885864,0.432813076,0.7147263,0,0,1,0.170283806,0.432813076,0.432813076,0.432813076,0.432813076,,,0,0,0,0,1,1
0.483481408,0.66277899,0.19559013,0.362135922,0.614584453,0,0,1,0.171953255,0.362135922,0.362135922,0.362135922,0.362135922,0.362135922,0.362135922,0,0,0,0,0,0
0.432511572,0.642361694,0.219306443,0.31313752,0.529777128,0,0,1,0.173622705,0.31313752,0.31313752,0.31313752,0.31313752,0.31313752,0.31313752,0,0,0,0,0,0
0.38537925,0.624629412,0.243755209,0.272213346,0.472049689,0,0,1,0.175292154,0.272213346,0.272213346,0.272213346,0.272213346,0.272213346,,0,0,0,0,0,1
0.350859803,0.605302903,0.261712929,0.234902298,0.440628425,0,0,1,0.176961603,0.234902298,0.234902298,0.234902298,0.234902298,0.234902298,,0,0,0,0,0,1
0.331126611,0.57389383,0.279620135,0.203613125,0.404242515,0,0,1,0.178631052,0.203613125,0.203613125,0.203613125,,,,0,0,0,1,1,1
0.30737403,0.544218829,0.305609577,0.200294949,0.399804423,0,0,1,0.180300501,0.200294949,0.200294949,0.200294949,,,,0,0,0,1,1,1
0.304400411,0.524472786,0.3279115,0.21020032,0.385415547,0,0,1,0.18196995,0.21020032,0.21020032,0.21020032,0.21020032,,,0,0,0,0,1,1
0.294670219,0.506209095,0.33889829,0.22172791,0.379956586,0,0,1,0.183639399,0.22172791,0.22172791,0.22172791,0.22172791,0.22172791,,0,0,0,0,0,1
0.290932734,0.483358505,0.346248074,0.237077547,0.382653829,0,0,1,0.185308848,0.237077547,0.237077547,0.237077547,0.237077547,0.237077547,,0,0,0,0,0,1
0.292778743,0.465318566,0.351577299,0.257158658,0.410410712,0,0,1,0.186978297,0.257158658,0.257158658,0.257158658,0.257158658,,,0,0,0,0,1,1
0.311475261,0.456536332,0.353875685,0.291323584,0.447645554,0,0,1,0.188647746,0.291323584,0.291323584,0.291323584,0.291323584,,0.291323584,0,0,0,0,1,0
0.33560068,0.450159423,0.353067461,0.343394371,0.462614713,0,0,1,0.190317195,0.343394371,0.343394371,0.343394371,0.343394371,0.343394371,,0,0,0,0,0,1
0.345012595,0.445516586,0.351122673,0.450067592,0.453437641,0,0,1,0.191986644,0.450067592,0.450067592,0.450067592,,,,0,0,0,1,1,1
0.339256322,0.444062203,0.34645013,0.510237188,0.435846461,0,0,1,0.193656093,0.510237188,0.510237188,0.510237188,,,0.510237188,0,0,0,1,1,0
0.328062055,0.44565643,0.340767307,0.540924174,0.423778719,0,0,1,0.195325543,0.540924174,0.540924174,0.540924174,,,,0,0,0,1,1,1
0.320250621,0.448425351,0.335463339,0.555991152,0.414719852,0,0,1,0.196994992,0.555991152,0.555991152,0.555991152,,,,0,0,0,1,1,1
0.314321569,0.45429882,0.329452176,0.540592356,0.450858604,0,0,1,0.198664441,0.540592356,0.540592356,0.540592356,0.540592356,,,0,0,0,0,1,1
0.337628561,0.460479946,0.318894754,0.504928106,0.446861097,0,0,1,0.20033389,0.504928106,0.504928106,0.504928106,,0.504928106,0.504928106,0,0,0,1,0,0
0.33510053,0.464927001,0.307756422,0.455892835,0.405908143,0,0,1,0.202003339,0.455892835,0.455892835,0.455892835,,0.455892835,,0,0,0,1,0,1
0.308483454,0.46926218,0.299699442,0.40482979,0.391852393,0,0,1,0.203672788,0.40482979,0.40482979,0.40482979,,0.40482979,,0,0,0,1,0,1
0.299053352,0.474072831,0.291920289,0.366732211,0.410496679,0,0,1,0.205342237,0.366732211,0.366732211,0.366732211,,,0.366732211,0,0,0,1,1,0
0.311529823,0.476729876,0.282044806,0.39491213,0.464774657,0,0,1,0.207011686,0.39491213,0.39491213,0.39491213,,,0.39491213,0,0,0,1,1,0
0.346349359,0.476450187,0.274164625,0.468575642,0.54417675,0,0,1,0.208681135,0.468575642,0.468575642,0.468575642,,,,0,0,0,1,1,1
0.393672647,0.474883929,0.270426591,0.566400393,0.59962604,0,0,1,0.210350584,0.566400393,0.566400393,0.566400393,,,,0,0,0,1,1,1
0.424490984,0.469429994,0.267345238,0.738122158,0.618023168,0,0,1,0.212020033,0.738122158,0.738122158,0.738122158,0.738122158,0.738122158,0.738122158,0,0,0,0,0,0
0.434339393,0.461990267,0.264996338,0.832272336,0.620817125,0,0,1,0.213689482,0.832272336,0.832272336,0.832272336,,,0.832272336,0,0,0,1,1,0
0.435821656,0.454075069,0.264364913,0.877092294,0.610565454,0,0,1,0.215358932,0.877092294,0.877092294,0.877092294,,,,0,0,0,1,1,1
0.430365473,0.4436147,0.265880332,0.892245299,0.312117174,0.971500698,0.880933439,0.155743301,0.217028381,0.892245299,0.892245299,0.892245299,,,,0,0,0,1,1,1
0.406858421,0.422330369,0.268784886,0.825267298,0.27269015,0.977080981,0.903208698,0.150822097,0.21869783,0.825267298,0.825267298,0.825267298,,,,0,0,0,1,1,1
0.377149508,0.398976338,0.275073877,0.735184958,0.237916138,0.863017339,0.523998939,0.221767082,0.220367279,0.735184958,0.735184958,0.735184958,,0.735184958,,0,0,0,1,0,1
0.344667036,0.381299994,0.281766979,0.640997911,0.200724279,0.820235169,0.419252188,0.250540479,0.222036728,0.640997911,0.640997911,0.640997911,0.640997911,0.640997911,0.640997911,0,0,0,0,0,0
0.307274,0.363064273,0.286616321,0.558203269,0.166552043,0.813392679,0.404136834,0.253001081,0.223706177,0.558203269,0.558203269,0.558203269,0.558203269,,,0,0,0,0,1,1
0.271463257,0.334843654,0.291920289,0.47854246,0.135807776,0.819703714,0.418191461,0.244438755,0.225375626,0.47854246,0.47854246,0.47854246,0.47854246,,,0,0,0,0,1,1
0.228759537,0.307350227,0.300457152,0.450534595,0.12332094,0.818109347,0.414478918,0.240356716,0.227045075,0.450534595,0.450534595,0.450534595,,0.450534595,,0,0,0,1,0,1
0.209953895,0.289534038,0.310105322,0.440137643,0.121236218,0.805155119,0.386369663,0.244879672,0.228714524,0.440137643,0.440137643,0.440137643,,0.440137643,,0,0,0,1,0,1
0.207607737,0.272780668,0.318667441,0.429875876,0.122525737,0.783896898,0.343675418,0.257381806,0.230383973,0.429875876,0.429875876,0.429875876,,0.429875876,,0,0,0,1,0,1
0.211799904,0.250265705,0.328315611,0.412105198,0.118560468,0.739321066,0.265446831,0.291702224,0.232053422,0.412105198,0.412105198,0.412105198,,0.412105198,,0,0,0,1,0,1
0.205088799,0.229988253,0.343141464,0.399569866,0.117829741,0.676343586,0.179262795,0.347314673,0.233722871,0.399569866,0.399569866,0.399569866,,0.399569866,0.399569866,0,0,0,1,0,0
0.202533487,0.217905689,0.35736115,0.389086887,0.115444132,0.636949445,0,0.384365933,0.235392321,0.389086887,0.389086887,0.389086887,,0.389086887,,0,0,0,1,0,1
0.198304946,0.206214689,0.366226353,0.37882512,0.107545832,0.613698266,0,0.408331911,0.23706177,0.37882512,0.37882512,0.37882512,,0.37882512,,0,0,0,1,0,1
0.18566479,0.188790065,0.37481373,0.366449551,0.089094973,0.611572444,0,0.405259714,0.238731219,0.366449551,0.366449551,0.366449551,0.366449551,0.366449551,,0,0,0,0,0,1
0.153382378,0.17192482,0.387240169,0.361754947,0.075587268,0.632099914,0,0.370626387,0.240400668,0.361754947,0.361754947,0.361754947,0.361754947,0.361754947,,0,0,0,0,0,1
0.128802277,0.161464452,0.39830273,0.363610667,0.065765437,0.65867269,0.159374171,0.332295045,0.242070117,0.363610667,0.363610667,0.363610667,,0.363610667,,0,0,0,1,0,1
0.11023307,0.151982995,0.402495391,0.3686248,0.062907004,0.680993822,0.18483161,0.305427547,0.243739566,0.3686248,0.3686248,0.3686248,,0.3686248,,0,0,0,1,0,1
0.104113052,0.141131062,0.403935039,0.377657613,0.064744568,0.690427157,0.196499602,0.294774421,0.245409015,0.377657613,0.377657613,0.377657613,0.377657613,,,0,0,0,0,1,1
0.107777788,0.132992113,0.400676887,0.380213838,0.059156655,0.685909785,0.190665606,0.301288616,0.247078464,0.380213838,0.380213838,0.380213838,,,,0,0,0,1,1,1
0.096919985,0.13027913,0.394261612,0.377350375,0.052762793,0.677406497,0.180588703,0.314075212,0.248747913,0.377350375,0.377350375,0.377350375,,0.377350375,,0,0,0,1,0,1
0.084534451,0.12924428,0.387543253,0.371537422,0.051484021,0.675546403,0.17846725,0.320048928,0.250417362,0.371537422,0.371537422,0.371537422,,0.371537422,,0,0,0,1,0,1
0.084270736,0.131062259,0.379865128,0.357416738,0.059779922,0.693615891,0.200477327,0.30548444,0.252086811,0.357416738,0.357416738,0.357416738,,0.357416738,,0,0,0,1,0,1
0.104122146,0.134474464,0.36700932,0.345372988,0.070568893,0.726366837,0.245558207,0.280451727,0.25375626,0.345372988,0.345372988,0.345372988,,0.345372988,,0,0,0,1,0,1
0.128965963,0.137774794,0.352436037,0.334214084,0.080068344,0.744768485,0.274197826,0.271789839,0.25542571,0.334214084,0.334214084,0.334214084,,0.334214084,,0,0,0,1,0,1
0.149981358,0.141466689,0.340792564,0.322981443,0.082539921,0.755995483,0.293025723,0.268490072,0.257095159,0.322981443,0.322981443,0.322981443,0.322981443,,0.322981443,0,0,0,0,1,0
0.156956178,0.146305308,0.328467153,0.312805702,0.086129081,0.757257689,0.295147176,0.274904705,0.258764608,0.312805702,0.312805702,0.312805702,0.312805702,,,0,0,0,0,1,1
0.163967372,0.15008111,0.310029551,0.311208062,0.086591158,0.754135388,0.289843543,0.289597201,0.260434057,0.311208062,0.311208062,0.311208062,,,,0,0,0,1,1,1
0.164076496,0.151032052,0.292172859,0.31473516,0.090234048,0.759649239,0.299124901,0.296424304,0.262103506,0.31473516,0.31473516,0.31473516,,,,0,0,0,1,1,1
0.169960079,0.150612519,0.281943778,0.320879931,0.095316899,0.776124361,0.328825245,0.288302896,0.263772955,0.320879931,0.320879931,0.320879931,,,,0,0,0,1,1,1
0.176753026,0.146640935,0.272826005,0.339707509,0.105482602,0.81206404,0.401219836,0.263255959,0.265442404,0.339707509,0.339707509,0.339707509,,,,0,0,0,1,1,1
0.193430756,0.140403871,0.260424823,0.357932899,0.111156483,0.856839168,0.507822859,0.235947545,0.267111853,0.357932899,0.357932899,0.357932899,,0.357932899,0.357932899,0,0,0,1,0,0
0.202733547,0.134026962,0.247998384,0.374093646,0.116389778,0.873447153,0.552373376,0.231865506,0.268781302,0.374093646,0.374093646,0.374093646,,,0.374093646,0,0,0,1,1,0
0.210035738,0.126279577,0.239865633,0.388410962,0.122343055,0.878695277,0.567223548,0.233572282,0.270450751,0.388410962,0.388410962,0.388410962,0.388410962,,,0,0,0,0,1,1
0.217656206,0.112407003,0.231732882,0.403858916,0.127210987,0.877233774,0.563245823,0.240399386,0.2721202,0.403858916,0.403858916,0.403858916,0.403858916,,,0,0,0,0,1,1
0.224249093,0.097135985,0.220872376,0.412191225,0.131520127,0.880090347,0.571201273,0.246159754,0.273789649,0.412191225,0.412191225,0.412191225,0.412191225,,,0,0,0,0,1,1
0.230478234,0.086228114,0.211198949,0.417942731,0.129446152,0.893974623,0.611774065,0.243044888,0.275459098,0.417942731,0.417942731,0.417942731,0.417942731,,,0,0,0,0,1,1
0.226558877,0.075208368,0.206753719,0.424788005,0.13089686,0.909718993,0.660567489,0.23492348,0.277128548,0.424788005,0.424788005,0.424788005,0.424788005,,,0,0,0,0,1,1
0.227350023,0.060077194,0.203697623,0.438515423,0.133164263,0.916893642,0.683638292,0.232135746,0.278797997,0.438515423,0.438515423,0.438515423,0.438515423,0.438515423,,0,0,0,0,0,1
0.229723462,0.046008838,0.20213169,0.44824874,0.137118786,0.905600213,0.647573588,0.241409228,0.280467446,0.44824874,0.44824874,0.44824874,0.44824874,,,0,0,0,0,1,1
0.234670401,0.038485204,0.202914657,0.453398058,0.139310967,0.879758188,0.570140546,0.260141093,0.282136895,0.453398058,0.453398058,0.453398058,0.453398058,,,0,0,0,0,1,1
0.236880155,0.032304078,0.205844467,0.453570112,0.134765415,0.844017804,0.475470697,0.286311657,0.283806344,0.453570112,0.453570112,0.453570112,0.453570112,,,0,0,0,0,1,1
0.231433066,0.026206858,0.209986614,0.432419811,0.12610415,0.77678868,0.330151154,0.343403311,0.285475793,0.432419811,0.432419811,0.432419811,0.432419811,0.432419811,,0,0,0,0,0,1
0.219111188,0.02184371,0.217386912,0.402310434,0.118087644,0.678668704,0.181914612,0.445610741,0.287145242,0.402310434,0.402310434,0.402310434,0.402310434,,,0,0,0,0,1,1
0.20741677,0.020696985,0.225443892,0.364188276,0.109834727,0.611904604,0,0.530579735,0.288814691,0.364188276,0.364188276,0.364188276,,,0.364188276,0,0,0,1,1,0
0.19801395,0.020752923,0.230369005,0.317819835,0.238582389,0,0,1,0.29048414,0.317819835,0.317819835,0.317819835,,0.317819835,,0,0,0,1,0,1
0.184237089,0.023158248,0.234511151,0.238490844,0.21330783,0,0,1,0.292153589,0.238490844,0.238490844,0.238490844,,,,0,0,0,1,1,1
0.162794293,0.027157801,0.237668275,0.193535701,0.202937953,0,0,1,0.293823038,0.193535701,0.193535701,0.193535701,0.193535701,,,0,0,0,0,1,1
0.153764311,0.03124126,0.238122901,0.181467371,0.197704657,0,0,1,0.295492487,0.181467371,0.181467371,0.181467371,0.181467371,,,0,0,0,0,1,1
0.149144743,0.035912066,0.235268861,0.19062308,0.075544284,0.566132997,0,0.595750128,0.297161937,0.19062308,0.19062308,0.19062308,,,,0,0,0,1,1,1
0.144788891,0.04393914,0.230722602,0.252316579,0.092479959,0.672689829,0.175019889,0.440490414,0.298831386,0.252316579,0.252316579,0.252316579,,,,0,0,0,1,1,1
0.171024034,0.053029032,0.222286768,0.313432469,0.112843603,0.803029296,0.381861575,0.308542413,0.300500835,0.313432469,0.313432469,0.313432469,0.313432469,,,0,0,0,0,1,1
0.204270372,0.059573754,0.212966939,0.366523289,0.144340089,0.839965455,0.465393795,0.28396484,0.302170284,0.366523289,0.366523289,0.366523289,0.366523289,0.366523289,,0,0,0,0,0,1
0.249647622,0.066230352,0.206981032,0.414821187,0.180016764,0.85006311,0.49032087,0.280451727,0.303839733,0.414821187,0.414821187,0.414821187,0.414821187,0.414821187,,0,0,0,0,0,1
0.295024871,0.075851653,0.201500265,0.467998034,0.211223108,0.834185877,0.451339167,0.298216419,0.305509182,0.467998034,0.467998034,0.467998034,0.467998034,,0.467998034,0,0,0,0,1,0
0.334291196,0.085612799,0.196903493,0.489701364,0.224279482,0.804955823,0.386104482,0.328084997,0.307178631,0.489701364,0.489701364,0.489701364,,,,0,0,0,1,1,1
0.350114125,0.091765956,0.19559013,0.490856581,0.236314986,0.78841427,0.352426412,0.344839848,0.30884808,0.490856581,0.490856581,0.490856581,,0.490856581,,0,0,0,1,0,1
0.365918867,0.097891145,0.199050337,0.485559789,0.249629263,0.777320136,0.330946698,0.352563008,0.310517529,0.485559789,0.485559789,0.485559789,,0.485559789,,0,0,0,1,0,1
0.384915475,0.106953068,0.205894981,0.470529679,0.226955232,0.776987976,0.330416335,0.34680264,0.312186978,0.470529679,0.470529679,0.470529679,0.470529679,0.470529679,,0,0,0,0,0,1
0.357943747,0.116714214,0.223069735,0.458043505,0.196737519,0.785291968,0.346327234,0.324187859,0.313856427,0.458043505,0.458043505,0.458043505,,,0.458043505,0,0,0,1,1,0
0.319395819,0.123538625,0.24643245,0.446442178,0.164327624,0.798046901,0.371784673,0.294219719,0.315525876,0.446442178,0.446442178,0.446442178,,,0.446442178,0,0,0,1,1,0
0.275400802,0.130670694,0.266663299,0.432247757,0.134991081,0.811266857,0.399628746,0.26816294,0.317195326,0.432247757,0.432247757,0.432247757,,0.432247757,0.432247757,0,0,0,1,0,0
0.235234207,0.141802316,0.290303842,0.403305887,0.106503471,0.822759583,0.425086184,0.242987996,0.318864775,0.403305887,0.403305887,0.403305887,,0.403305887,,0,0,0,1,0,1
0.191730246,0.15363316,0.331068623,0.381184712,0.086311763,0.828605594,0.438345267,0.213958582,0.320534224,0.381184712,0.381184712,0.381184712,0.381184712,,,0,0,0,0,1,1
0.158165632,0.160821167,0.37824868,0.367100897,0.069548024,0.827941274,0.436754177,0.189366786,0.322203673,0.367100897,0.367100897,0.367100897,0.367100897,,,0,0,0,0,1,1
0.128011131,0.167254014,0.410527113,0.357429028,0.057555503,0.830930711,0.443914081,0.171673209,0.323873122,0.357429028,0.357429028,0.357429028,0.357429028,,,0,0,0,0,1,1
0.104667764,0.174134363,0.442552977,0.355954283,0.053214125,0.853783299,0.499867409,0.142046424,0.325542571,0.355954283,0.355954283,0.355954283,0.355954283,,,0,0,0,0,1,1
0.095901498,0.179140795,0.489202637,0.362074475,0.050753294,0.898159835,0.624502784,0.096788417,0.32721202,0.362074475,0.362074475,0.362074475,0.362074475,,,0,0,0,0,1,1
0.091145525,0.17978408,0.538201197,0.373061325,0.051161641,0.930445758,0.728984354,0.062752461,0.328881469,0.373061325,0.373061325,0.373061325,,,,0,0,0,1,1,1
0.0911819,0.179000951,0.567423534,0.387046823,0.053848138,0.958878629,0.831874834,0.039810548,0.330550918,0.387046823,0.387046823,0.387046823,,,,0,0,0,1,1,1
0.094364673,0.175309056,0.594549542,0.408553521,0.047894861,0.984654222,0.934234951,0.020424418,0.332220367,0.408553521,0.408553521,0.408553521,,,,0,0,0,1,1,1
0.081378959,0.169994966,0.627434142,0.420031953,0.043671689,1,1,0.005262559,0.333889816,0.420031953,0.420031953,0.420031953,,,0.420031953,0,0,0,1,1,0
0.072921877,0.165995413,0.658348698,0.422108885,0.041930839,0.994685445,0.976929196,0,0.335559265,0.422108885,0.422108885,0.422108885,0.422108885,,,0,0,0,0,1,1
0.069420826,0.162303518,0.674210088,0.419552661,0.039416278,0.982262672,0.924688412,0.001536098,0.337228715,0.419552661,0.419552661,0.419552661,0.419552661,0.419552661,,0,0,0,0,0,1
0.065183191,0.158639593,0.686788069,0.409450657,0.035934578,0.964193184,0.852293821,0.006443079,0.338898164,0.409450657,0.409450657,0.409450657,0.409450657,,,0,0,0,0,1,1
0.058108342,0.156569894,0.693961054,0.401806563,0.038040792,0.950906796,0.801909308,0.010695796,0.340567613,0.401806563,0.401806563,0.401806563,0.401806563,,0.401806563,0,0,0,0,1,0
0.062609692,0.157408961,0.691334327,0.398242596,0.035461755,0.961270179,0.841156192,0.006670649,0.342237062,0.398242596,0.398242596,0.398242596,0.398242596,0.398242596,0.398242596,0,0,0,0,0,0
0.057717315,0.159814287,0.677493496,0.397382328,0.028423134,0.978808211,0.910368602,0.002261478,0.343906511,0.397382328,0.397382328,0.397382328,0.397382328,0.397382328,,0,0,0,0,0,1
0.042485473,0.166526822,0.655090546,0.401155217,0.027993295,0.988573706,0.950941395,0.003356659,0.34557596,0.401155217,0.401155217,0.401155217,0.401155217,0.401155217,,0,0,0,0,0,1
0.04160339,0.176259999,0.612355719,0.403502519,0.033183606,0.975088022,0.89551843,0.019955055,0.347245409,0.403502519,0.403502519,0.403502519,0.403502519,0.403502519,,0,0,0,0,0,1
0.052906781,0.184958326,0.562978304,0.400454713,0.045724172,0.933833787,0.740652347,0.053422086,0.348914858,0.400454713,0.400454713,0.400454713,0.400454713,0.400454713,0.400454713,0,0,0,0,0,0
0.079460202,0.19502713,0.532341576,0.39034042,0.067388081,0.869726965,0.542296473,0.098224953,0.350584307,0.39034042,0.39034042,0.39034042,,0.39034042,0.39034042,0,0,0,1,0,0
0.126401557,0.211948313,0.504053747,0.354454959,0.118861355,0.76071215,0.301246354,0.183279285,0.352253756,0.354454959,0.354454959,0.354454959,,,,0,0,0,1,1,1
0.220620732,0.231638418,0.470512464,0.319368318,0.153506415,0.631369162,0,0.322922,0.353923205,0.319368318,0.319368318,0.319368318,0.319368318,,,0,0,0,0,1,1
0.275264398,0.245091458,0.440229333,0.290119209,0.162844678,0.584069621,0,0.400466519,0.355592654,0.290119209,0.290119209,0.290119209,,0.290119209,0.290119209,0,0,0,1,0,0
0.291742068,0.258740281,0.428712146,0.264003933,0.168045735,0.560619146,0,0.441855834,0.357262104,0.264003933,0.264003933,0.264003933,,0.264003933,0.264003933,0,0,0,1,0,0
0.303054553,0.278262572,0.42330715,0.237237311,0.173622902,0.565003654,0,0.438812084,0.358931553,0.237237311,0.237237311,0.237237311,,0.237237311,0.237237311,0,0,0,1,0,0
0.314057854,0.299295184,0.42775238,0.222883126,0.1688087,0.582541686,0,0.410365819,0.360601002,0.222883126,0.222883126,0.222883126,,0.222883126,,0,0,0,1,0,1
0.309238226,0.312188846,0.440229333,0.214526238,0.149594876,0.579618681,0,0.406696251,0.362270451,0.214526238,0.214526238,0.214526238,,,,0,0,0,1,1,1
0.281784535,0.32452313,0.454297477,0.202802015,0.111554085,0.559888394,0,0.426665529,0.3639399,0.202802015,0.202802015,0.202802015,,,,0,0,0,1,1,1
0.22436731,0.340884936,0.471699543,0.168452747,0.049001698,0.506809274,0,0.50263128,0.365609349,0.168452747,0.168452747,0.168452747,0.168452747,,0.168452747,0,0,0,0,1,0
0.109451017,0.358197684,0.502159473,0.13484085,0.016033012,0.426825218,0,0.649982932,0.367278798,0.13484085,0.13484085,0.13484085,,,0.13484085,0,0,0,1,1,0
0.037829531,0.369189461,0.538529538,0.107594937,0.007532936,0.389224739,0,0.723786767,0.368948247,0.107594937,0.107594937,0.107594937,,,,0,0,0,1,1,1
0.019587694,0.38040499,0.560604147,0.086272582,0.004223173,0.379459244,0,0.736132446,0.370617696,0.086272582,0.086272582,0.086272582,0.086272582,0.086272582,,0,0,0,0,0,1
0.011357953,0.397186329,0.578309297,0.084822416,0,0.430811134,0,0.589150595,0.372287145,0.084822416,0.084822416,0.084822416,0.084822416,0.084822416,,0,0,0,0,0,1
0,0.416093304,0.586997702,0.105554873,0.003384986,0.541553179,0,0.380795926,0.373956594,0.105554873,0.105554873,0.105554873,0.105554873,,,0,0,0,0,1,1
0.007693217,0.428455557,0.58164322,0.140653804,0.011068366,0.614229722,0,0.289255846,0.375626043,0.140653804,0.140653804,0.140653804,0.140653804,,,0,0,0,0,1,1
0.022761374,0.441125468,0.563811785,0.181098685,0.025414258,0.683252508,0.187483426,0.225365535,0.377295492,0.181098685,0.181098685,0.181098685,0.181098685,0.181098685,,0,0,0,0,0,1
0.046368456,0.460172288,0.539085192,0.255388964,0.059822906,0.760379991,0.300450809,0.169639301,0.378964942,0.255388964,0.255388964,0.255388964,0.255388964,0.255388964,,0,0,0,0,0,1
0.111924486,0.481876154,0.497082818,0.320093401,0.225654968,0,0,1,0.380634391,0.320093401,0.320093401,0.320093401,0.320093401,0.320093401,,0,0,0,0,0,1
0.173370193,0.496112323,0.448715682,0.372287084,0.280330547,0,0,1,0.38230384,0.372287084,0.372287084,0.372287084,0.372287084,0.372287084,,0,0,0,0,0,1
0.217919921,0.510432399,0.420427853,0.42118717,0.337047863,0,0,1,0.383973289,0.42118717,0.42118717,0.42118717,0.42118717,,,0,0,0,0,1,1
0.260650923,0.530570006,0.394135327,0.47212732,0.415246405,0,0,1,0.385642738,0.47212732,0.47212732,0.47212732,,,,0,0,0,1,1,1
0.314667127,0.552693405,0.361957922,0.495096473,0.455028047,0,0,1,0.387312187,0.495096473,0.495096473,0.495096473,,,0.495096473,0,0,0,1,1,0
0.340256622,0.566230352,0.33084131,0.496350006,0.482204647,0,0,1,0.388981636,,,,,,,1,1,1,1,1,1
0.357088945,0.57898417,0.316369055,0.488091434,0.531872596,0,0,1,0.390651085,,,,0.488091434,,,1,1,1,0,1,1
0.386597798,0.595597695,0.305028667,0.449539142,0.575651744,0,0,1,0.392320534,,,,0.449539142,,,1,1,1,0,1,1
0.411368865,0.613329977,0.294824843,0.406611773,0.598873821,0,0,1,0.393989983,,,,0.406611773,,0.406611773,1,1,1,0,1,0
0.424072676,0.62393019,0.28704569,0.369804596,0.600603924,0,0,1,0.395659432,,,,0.369804596,,,1,1,1,0,1,1
0.425009321,0.634110869,0.285126159,0.336340175,0.577876163,0,0,1,0.397328881,,,,,0.336340175,,1,1,1,1,0,1
0.412596506,0.646696873,0.284797818,0.30430134,0.592619657,0,0,1,0.398998331,,,,,,,1,1,1,1,1,1
0.42068075,0.658919282,0.285252444,0.298254885,0.645199768,0,0,1,0.40066778,,,,0.298254885,,,1,1,1,0,1,1
0.448589122,0.665016502,0.285757583,0.323571341,0.682531325,0,0,1,0.402337229,,,,0.323571341,,,1,1,1,0,1,1
0.467594824,0.670806064,0.285757583,0.371721765,0.66907735,0,0,1,0.404006678,,,,0.371721765,0.371721765,,1,1,1,0,0,1
0.460820064,0.678917044,0.284924103,0.478874278,0.589546304,0,0,1,0.405676127,,,,0.478874278,0.478874278,0.478874278,1,1,1,0,0,0
0.41900752,0.687755216,0.28159018,0.559641145,0.513711879,0,0,1,0.407345576,,,,0.559641145,0.559641145,,1,1,1,0,0,1
0.375985523,0.692593836,0.27663981,0.6,0.469567367,0,0,1,0.409015025,,,,0.6,0.6,,1,1,1,0,0,1
0.349332072,0.696901046,0.27295229,0.621420671,0.442799115,0,0,1,0.410684474,,,,,0.621420671,,1,1,1,1,0,1
0.332517937,0.703613582,0.268810143,0.596817009,0.388822025,0,0,1,0.412353923,,,,,0.596817009,,1,1,1,1,0,1
0.296989097,0.713150976,0.263354633,0.54424235,0.340798212,0,0,1,0.414023372,,,,,0.54424235,0.54424235,1,1,1,1,0,0
0.263360826,0.722073055,0.258025409,0.481799189,0.315781556,0,0,1,0.415692821,,,,,0.481799189,,1,1,1,1,0,1
0.245009867,0.733176708,0.255550224,0.422207202,0.309774549,0,0,1,0.41736227,,,,,0.422207202,,1,1,1,1,0,1
0.240508516,0.753566035,0.253529664,0.38042276,0.390896,0,0,1,0.41903172,,,,,0.38042276,,1,1,1,1,0,1
0.29839861,0.781031493,0.251660647,0.381197001,0.4856756,0,0,1,0.420701169,,,,0.381197001,,,1,1,1,0,1,1
0.359198669,0.802539576,0.249943172,0.410900823,0.560016334,0,0,1,0.422370618,,,,0.410900823,,,1,1,1,0,1,1
0.402648067,0.826928456,0.248604551,0.448088976,0.6322616,0,0,1,0.424040067,,,,0.448088976,0.448088976,,1,1,1,0,0,1
0.441859831,0.863931308,0.247164903,0.511638196,0.734326979,0,0,1,0.425709516,,,,,,,1,1,1,1,1,1
0.492929697,0.906499972,0.24484126,0.556679366,0.780405768,0,0,1,0.427378965,,,,,,,1,1,1,1,1,1
0.514536179,0.930776976,0.240901169,0.573503748,0.781136496,0,0,1,0.429048414,,,,0.573503748,,,1,1,1,0,1,1
0.514872644,0.952424904,0.236077084,0.576391791,0.795557609,0,0,1,0.430717863,,,,0.576391791,,,1,1,1,0,1,1
0.521465531,0.9753594,0.229459753,0.550964729,0.745180425,0,0,1,0.432387312,,,,,0.550964729,,1,1,1,1,0,1
0.498094883,0.995021536,0.216401889,0.517856704,0.67791055,0,0,1,0.434056761,,,,,0.517856704,0.517856704,1,1,1,1,0,0
0.465275946,1,0.198469426,0.486653558,0.632197124,0,0,1,0.43572621,,,,,0.486653558,0.486653558,1,1,1,1,0,0
0.441823456,0.999944062,0.186724926,0.456372127,0.610533216,0,0,1,0.437395659,,,,0.456372127,,0.456372127,1,1,1,0,1,0
0.430347286,0.991245735,0.175712879,0.425390193,0.579692235,0,0,1,0.439065109,,,,0.425390193,,0.425390193,1,1,1,0,1,0
0.4136059,0.975331431,0.162730786,0.412228094,0.563723699,0,0,1,0.440734558,,,,0.412228094,,0.412228094,1,1,1,0,1,0
0.40473051,0.961039324,0.149723436,0.414563107,0.560177524,0,0,1,0.442404007,,,,0.414563107,,0.414563107,1,1,1,0,1,0
0.402739004,0.944341892,0.144166898,0.41876613,0.54918438,0,0,1,0.444073456,,,,,0.41876613,0.41876613,1,1,1,1,0,0
0.396518956,0.917603625,0.140504635,0.420130269,0.56481979,0,0,1,0.445742905,,,,,,,1,1,1,1,1,1
0.405339784,0.884544387,0.139721668,0.417660071,0.581916654,0,0,1,0.447412354,,,,0.417660071,,,1,1,1,0,1,1
0.414824447,0.863819433,0.142550451,0.413493917,0.583001999,0,0,1,0.449081803,,,,0.413493917,,0.413493917,1,1,1,0,1,0
0.415424627,0.843989484,0.147551335,0.409880791,0.583367362,0,0,1,0.450751252,,,,,0.409880791,0.409880791,1,1,1,1,0,0
0.415624687,0.818789506,0.154269694,0.408946786,0.635968966,0,0,1,0.452420701,,,,,,,1,1,1,1,1,1
0.443787682,0.790568887,0.166393049,0.4133956,0.697758387,0,0,1,0.45409015,,,,0.4133956,,,1,1,1,0,1,1
0.47516073,0.773815517,0.183188948,0.423890869,0.745492059,0,0,1,0.455759599,,,,0.423890869,0.423890869,0.423890869,1,1,1,0,0,0
0.498240381,0.757201991,0.19559013,0.440125353,0.774785618,0,0,1,0.457429048,,,,0.440125353,0.440125353,0.440125353,1,1,1,0,0,0
0.511944492,0.733232645,0.208976334,0.469571095,0.718745299,0,0,1,0.459098497,,,,,0.469571095,0.469571095,1,1,1,1,0,0
0.485427446,0.703026235,0.228651529,0.489504731,0.652764942,0,0,1,0.460767947,,,,,,0.489504731,1,1,1,1,1,0
0.452499386,0.681378307,0.252948754,0.493756913,0.609598315,0,0,1,0.462437396,,,,,,0.493756913,1,1,1,1,1,0
0.429847136,0.65693349,0.26833026,0.489934865,0.562423435,0,0,1,0.464106845,,,,0.489934865,,0.489934865,1,1,1,0,1,0
0.404003019,0.618392348,0.284267421,0.466474131,0.224172022,0.534511393,0,0.602534562,0.465776294,,,,0.466474131,0.466474131,,1,1,1,0,0,1
0.345667337,0.569670526,0.307655394,0.43806071,0.181951041,0.539693084,0,0.570646299,0.467445743,,,,0.43806071,,,1,1,1,0,1,1
0.291869379,0.538569111,0.337332357,0.413272705,0.156085452,0.528333223,0,0.564814815,0.469115192,,,,0.413272705,,,1,1,1,0,1,1
0.256722471,0.507551603,0.357563206,0.390156077,0.137656085,0.51524613,0,0.572068612,0.470784641,,,,,,0.390156077,1,1,1,1,1,0
0.231323943,0.466353415,0.380420781,0.365638442,0.126243848,0.513053876,0,0.557319224,0.47245409,,,,,,0.365638442,1,1,1,1,1,0
0.21499177,0.418526598,0.416816104,0.351763549,0.119968192,0.534179233,0,0.492390624,0.474123539,,,,,,0.351763549,1,1,1,1,1,0
0.206389189,0.390585669,0.46417296,0.346933759,0.112757635,0.563475719,0,0.415343915,0.475792988,,,,0.346933759,0.346933759,,1,1,1,0,0,1
0.196377095,0.363679588,0.494178264,0.34236205,0.100915558,0.595296619,0,0.35456847,0.477462437,,,,0.34236205,0.34236205,,1,1,1,0,0,1
0.178653596,0.329277843,0.523021746,0.334447585,0.080906531,0.630505547,0,0.297562155,0.479131886,,,,0.334447585,,,1,1,1,0,1,1
0.145116262,0.290345136,0.558204733,0.327270493,0.069687722,0.677672225,0.180853885,0.232932241,0.480801336,,,,0.327270493,,,1,1,1,0,1,1
0.127110861,0.268892991,0.597226783,0.321076564,0.065883642,0.699860493,0.208432776,0.197274848,0.482470785,,,,,0.321076564,0.321076564,1,1,1,1,0,0
0.122182109,0.249007104,0.618215341,0.313051493,0.060510649,0.713877632,0.227525855,0.177732264,0.484140234,,,,,0.313051493,,1,1,1,1,0,1
0.115370975,0.225317447,0.637006542,0.294924419,0.060961981,0.701521291,0.210819411,0.18152984,0.485809683,,,,0.294924419,0.294924419,,1,1,1,0,0,1
0.119199396,0.200257314,0.655924027,0.274474622,0.066087816,0.645652029,0,0.226133584,0.487479132,,,,0.274474622,0.274474622,,1,1,1,0,0,1
0.130057199,0.188482408,0.673124037,0.254504117,0.07076232,0.594898027,0,0.273980201,0.489148581,,,,,0.254504117,0.254504117,1,1,1,1,0,0
0.140824065,0.179112827,0.680600106,0.230527221,0.073846418,0.541885338,0,0.33804119,0.49081803,,,,,,,1,1,1,1,1,1
0.152482108,0.170358561,0.687520521,0.182475114,0.073233897,0.484886734,0,0.422839506,0.492487479,,,,0.182475114,,,1,1,1,0,1,1
0.156556058,0.162331487,0.697497032,0.135959199,0.065539771,0.428751744,0,0.526511919,0.494156928,,,,0.135959199,0.135959199,,1,1,1,0,0,1
0.14476161,0.158751468,0.709519359,0.101523903,0.172945905,0,0,1,0.495826377,,,,0.101523903,,0.101523903,1,1,1,0,1,0
0.126765302,0.155702858,0.715707322,0.06890746,0.149723828,0,0,1,0.497495826,,,,,,0.06890746,1,1,1,1,1,0
0.104940573,0.152486435,0.721415402,0.029077055,0.105246191,0,0,1,0.499165275,,,,,,0.029077055,1,1,1,1,1,0
0.060563624,0.149214074,0.727679135,0.004153865,0.073695975,0,0,1,0.500834725,,,,,,,1,1,1,1,1,1
0.026798949,0.147591878,0.734094411,0,0.068000602,0,0,1,0.502504174,,,,,0,,1,1,1,1,0,1
0.020478871,0.146109526,0.735988685,0.006255377,0.073137183,0,0,1,0.504173623,,,,,0.006255377,,1,1,1,1,0,1
0.026180581,0.144515299,0.735003662,0.039633772,0.016054504,0.458911845,0,0.447687319,0.505843072,,,,,,,1,1,1,1,1,1
0.044267826,0.143004978,0.727022453,0.08016468,0.02843388,0.532319139,0,0.332508392,0.507512521,,,,,,,1,1,1,1,1,1
0.069911883,0.142669352,0.712297628,0.115521691,0.041135636,0.581744503,0,0.274634465,0.50918197,,,,,,,1,1,1,1,1,1
0.093691744,0.142781227,0.700401586,0.151775839,0.054224247,0.62446024,0,0.231666382,0.510851419,,,,,,,1,1,1,1,1,1
0.114288832,0.143284667,0.68719218,0.202543935,0.070246513,0.657742643,0.158578626,0.203419241,0.512520868,,,,,,,1,1,1,1,1,1
0.141042313,0.144151703,0.670143712,0.241464913,0.083421092,0.669168936,0.171042164,0.198668715,0.514190317,,,,0.241464913,,0.241464913,1,1,1,0,1,0
0.163503597,0.145186553,0.650418003,0.259764041,0.094027381,0.651697336,0,0.222151107,0.515859766,,,,0.259764041,0.259764041,,1,1,1,0,0,1
0.180017642,0.14678078,0.640113151,0.271893818,0.106535709,0.630970571,0,0.247013142,0.517529215,,,,0.271893818,0.271893818,,1,1,1,0,0,1
0.199541681,0.150220954,0.631298462,0.281516529,0.133873498,0.612834651,0,0.270040394,0.519198664,,,,0.281516529,0.281516529,,1,1,1,0,0,1
0.243691289,0.155590983,0.620362185,0.287317193,0.158352855,0.596957417,0,0.292740513,0.520868114,,,,0.287317193,0.287317193,,1,1,1,0,0,1
0.281057044,0.159646473,0.606319299,0.289947155,0.166659503,0.593901548,0,0.302426466,0.522537563,,,,0.289947155,0.289947155,0.289947155,1,1,1,0,0,0
0.293187956,0.163953684,0.597454095,0.291630822,0.172118464,0.594964459,0,0.305000853,0.524207012,,,,0.291630822,0.291630822,0.291630822,1,1,1,0,0,0
0.301299481,0.169771214,0.58818478,0.292085535,0.193191343,0.606058593,0,0.295826933,0.525876461,,,,0.292085535,0.292085535,,1,1,1,0,0,1
0.332336064,0.176567657,0.576415023,0.291999508,0.214951965,0.632099914,0,0.271647608,0.52754591,,,,0.291999508,0.291999508,,1,1,1,0,0,1
0.363436304,0.179756111,0.56242265,0.293167015,0.228373702,0.654819637,0,0.253698014,0.529215359,,,,0.293167015,0.293167015,,1,1,1,0,0,1
0.381723608,0.182273312,0.554845554,0.296976773,0.246727847,0.678668704,0.181914612,0.233373158,0.530884808,,,,0.296976773,0.296976773,,1,1,1,0,0,1
0.404403139,0.184370979,0.548026166,0.309167998,0.276429753,0.700259085,0.20896314,0.216177391,0.532554257,,,,0.309167998,0.309167998,,1,1,1,0,0,1
0.439586421,0.186021144,0.542949511,0.32252673,0.292903351,0.713213313,0.22673031,0.2067759,0.534223706,,,,0.32252673,0.32252673,,1,1,1,0,0,1
0.458001037,0.186300833,0.540827924,0.331559543,0.30128522,0.703779977,0.213736409,0.215949821,0.535893155,,,,0.331559543,0.331559543,,1,1,1,0,0,1
0.46598525,0.185965207,0.543277852,0.338232764,0.312375078,0.687238424,0.192521877,0.230087614,0.537562604,,,,0.338232764,0.338232764,,1,1,1,0,0,1
0.477597825,0.184902389,0.548101937,0.338662898,0.299501386,0.663522221,0.164677804,0.251038289,0.539232053,,,,,0.338662898,,1,1,1,1,0,1
0.463066193,0.183224255,0.556916627,0.331768465,0.272776118,0.632830665,0,0.279356545,0.540901503,,,,,,,1,1,1,1,1,1
0.432447916,0.181937685,0.570378602,0.3190365,0.246405468,0.619411413,0,0.288302896,0.542570952,,,,,,,1,1,1,1,1,1
0.402366164,0.180231582,0.580481398,0.301536193,0.214081541,0.605660001,0,0.299695625,0.544240401,,,,,0.301536193,,1,1,1,1,0,1
0.364964035,0.176847346,0.591998586,0.270025808,0.161920523,0.581080183,0,0.324571884,0.54590985,,,,0.270025808,0.270025808,,1,1,1,0,0,1
0.29419735,0.171421379,0.608642942,0.241047069,0.126168626,0.538895901,0,0.374224839,0.547579299,,,,,,,1,1,1,1,1,1
0.238535197,0.167505734,0.630591266,0.22306747,0.113552838,0.514050355,0,0.401490584,0.549248748,,,,,,,1,1,1,1,1,1
0.21886566,0.163646026,0.643750158,0.2066978,0.102968041,0.494585797,0,0.426949991,0.550918197,,,,,,,1,1,1,1,1,1
0.203433757,0.158919282,0.656025055,0.183986727,0.092791592,0.482628048,0,0.441685157,0.552587646,,,,0.183986727,,,1,1,1,0,1,1
0.18803823,0.15338144,0.669689086,0.164360329,0.089728986,0.477844948,0,0.443534164,0.554257095,,,,0.164360329,0.164360329,,1,1,1,0,0,1
0.184173434,0.15083627,0.683807744,0.15307853,0.087246663,0.476981333,0,0.438399613,0.555926544,,,,0.15307853,,,1,1,1,0,1,1
0.181081597,0.148766572,0.689187483,0.144377535,0.080885039,0.474124759,0,0.440959777,0.557595993,,,,0.144377535,,,1,1,1,0,1,1
0.170214701,0.146948593,0.692243578,0.137900946,0.080809818,0.473261144,0,0.441045116,0.559265442,,,,,,0.137900946,1,1,1,1,1,0
0.17018742,0.145410304,0.693354886,0.137040678,0.08846096,0.483159503,0,0.423067076,0.560934891,,,,,0.137040678,0.137040678,1,1,1,1,0,0
0.183946093,0.144934832,0.693051802,0.142607841,0.095209439,0.502291902,0,0.391577061,0.562604341,,,,,0.142607841,0.142607841,1,1,1,1,0,0
0.19554048,0.144599206,0.692369863,0.151984761,0.100496465,0.526074537,0,0.355549866,0.56427379,,,,,,,1,1,1,1,1,1
0.202642611,0.14398389,0.692445634,0.17237311,0.106503471,0.552580881,0,0.318726176,0.565943239,,,,0.17237311,,,1,1,1,0,1,1
0.211017851,0.142949041,0.693531685,0.192675433,0.105794236,0.578024314,0,0.286084087,0.567612688,,,,0.192675433,0.192675433,,1,1,1,0,0,1
0.208999063,0.142277787,0.69625944,0.204522551,0.102312536,0.579751545,0,0.282969221,0.569282137,,,,0.204522551,0.204522551,,1,1,1,0,0,1
0.201633217,0.141550596,0.699492335,0.212178936,0.102108363,0.572576895,0,0.290450589,0.570951586,,,,,0.212178936,0.212178936,1,1,1,1,0,0
0.201296753,0.14043184,0.704518475,0.209880791,0.096853575,0.553112336,0,0.313236047,0.572621035,,,,,0.209880791,,1,1,1,1,0,1
0.192757827,0.138865581,0.713105852,0.199643603,0.088632896,0.523882283,0,0.35011663,0.574290484,,,,,0.199643603,,1,1,1,1,0,1
0.178435349,0.137579012,0.726138459,0.187747327,0.081271895,0.517836976,0,0.353629743,0.575959933,,,,,0.187747327,,1,1,1,1,0,1
0.16628625,0.135928847,0.733917612,0.177190611,0.076070838,0.52481233,0,0.340430676,0.577629382,,,,,0.177190611,,1,1,1,1,0,1
0.157465421,0.133271802,0.739751976,0.173405432,0.074415956,0.552846609,0,0.30007965,0.579298831,,,,,,,1,1,1,1,1,1
0.154710049,0.129272249,0.742782815,0.17909549,0.075812934,0.604995682,0,0.237625875,0.58096828,,,,,,,1,1,1,1,1,1
0.157729137,0.125999888,0.74081277,0.191987219,0.081905908,0.633893576,0,0.208539569,0.58263773,,,,,,,1,1,1,1,1,1
0.167759419,0.122084242,0.732680019,0.208897628,0.088289024,0.661994287,0.163086714,0.18461626,0.584307179,,,,0.208897628,,0.208897628,1,1,1,0,1,0
0.176434749,0.116238743,0.720026267,0.235246405,0.094070365,0.683119644,0.187483426,0.169966433,0.585976628,,,,0.235246405,,,1,1,1,0,1,1
0.184346213,0.107959949,0.699517591,0.256347548,0.104021148,0.693283731,0.199946964,0.167776071,0.587646077,,,,,,,1,1,1,1,1,1
0.201396783,0.102617889,0.670724623,0.263352587,0.120483999,0.684979738,0.189604879,0.184289128,0.589315526,,,,,0.263352587,,1,1,1,1,0,1
0.228914129,0.097163954,0.655242088,0.26567531,0.141922242,0.673221285,0.175550252,0.200105251,0.590984975,,,,0.26567531,0.26567531,,1,1,1,0,0,1
0.263479044,0.090003916,0.641376001,0.265331203,0.187184337,0.663389358,0.164677804,0.214228822,0.592654424,,,,0.265331203,0.265331203,,1,1,1,0,0,1
0.33129939,0.080438552,0.627004774,0.265257466,0.237840916,0.663389358,0.164677804,0.219477158,0.594323873,,,,,,,1,1,1,1,1,1
0.399710822,0.074984617,0.612886116,0.266646184,0.268402502,0.676210722,0.178997613,0.212749616,0.595993322,,,,,,,1,1,1,1,1,1
0.438013222,0.069530682,0.610360417,0.269214698,0.283092265,0.696073872,0.203659507,0.195767196,0.597662771,,,,0.269214698,,,1,1,1,0,1,1
0.455563942,0.062174862,0.612456747,0.27479415,0.273861463,0.729156979,0.249801114,0.167278261,0.59933222,,,,0.27479415,,,1,1,1,0,1,1
0.445397256,0.051938245,0.622306973,0.279734546,0.244729094,0.779578821,0.335454787,0.126386755,0.601001669,,,,0.279734546,,,1,1,1,0,1,1
0.411832641,0.045785087,0.641199202,0.280828315,0.208644071,0.804225071,0.384513392,0.103971099,0.602671119,,,,,,0.280828315,1,1,1,1,1,0
0.365818837,0.03960396,0.655494658,0.27963623,0.171387737,0.818840098,0.416070008,0.090487569,0.604340568,,,,,,0.27963623,1,1,1,1,1,0
0.314194258,0.031576887,0.671936959,0.275900209,0.113155237,0.820102305,0.418987006,0.085040109,0.606010017,,,,0.275900209,,0.275900209,1,1,1,0,1,0
0.221830185,0.021200425,0.696840351,0.273565196,0.062788798,0.800637747,0.377088305,0.090217329,0.607679466,,,,0.273565196,0.273565196,0.273565196,1,1,1,0,0,0
0.12778379,0.015718521,0.734119668,0.27453607,0.034677298,0.78569056,0.347122779,0.089705297,0.609348915,,,,,0.27453607,,1,1,1,1,0,1
0.068265934,0.010795995,0.756800445,0.276539265,0.019493219,0.775659337,0.3280297,0.090288445,0.611018364,,,,,0.276539265,,1,1,1,1,0,1
0.033437304,0.006041282,0.777485919,0.278874278,0.02026693,0.77712084,0.330681517,0.084058713,0.612687813,,,,,0.278874278,,1,1,1,1,0,1
0.035137814,0.001594227,0.80046978,0.279697677,0.025618432,0.794326712,0.364094405,0.067687888,0.614357262,,,,,,0.279697677,1,1,1,1,1,0
0.04837815,0.000447502,0.829843659,0.278345828,0.027316297,0.804822959,0.3858393,0.054645275,0.616026711,,,,,,0.278345828,1,1,1,1,1,0
0.053225058,0,0.847220468,0.2753226,0.025962303,0.807280941,0.390877751,0.049368493,0.61769616,,,,0.2753226,0.2753226,,1,1,1,0,0,1
0.051861013,0.000867036,0.865784356,0.266351235,0.024533087,0.793396665,0.362238133,0.053436309,0.619365609,,,,0.266351235,0.266351235,,1,1,1,0,0,1
0.049833132,0.00355205,0.891369687,0.255573307,0.026177223,0.75931708,0.298594537,0.068868408,0.621035058,,,,0.255573307,0.255573307,,1,1,1,0,0,1
0.053061373,0.006404878,0.926451645,0.248482242,0.028917449,0.743639142,0.272341554,0.071471241,0.622704508,,,,0.248482242,0.248482242,,1,1,1,0,0,1
0.059290514,0.010264586,0.946909807,0.243320634,0.02979862,0.739852521,0.266507558,0.069622234,0.624373957,,,,0.243320634,0.243320634,,1,1,1,0,0,1
0.061673047,0.016837277,0.966610259,0.239842694,0.024307421,0.755198299,0.291699814,0.055797349,0.626043406,,,,0.239842694,,,1,1,1,0,1,1
0.050424218,0.02743749,0.985022605,0.23834337,0.016247931,0.791470139,0.35852559,0.030650851,0.627712855,,,,0.23834337,,,1,1,1,0,1,1
0.033737394,0.035268781,1,0.238540002,0.013067119,0.8076131,0.391673296,0.019016328,0.629382304,,,,,0.238540002,,1,1,1,1,0,1
0.02702629,0.044246798,0.994948602,0.239093032,0.013658149,0.811001129,0.399098382,0.018077601,0.631051753,,,,,,,1,1,1,1,1,1
0.028554021,0.057252335,0.980324805,0.239314244,0.022910443,0.793064505,0.361442588,0.030650851,0.632721202,,,,0.239314244,,,1,1,1,0,1,1
0.049296607,0.076411031,0.95125401,0.237519971,0.036181736,0.747824354,0.279236277,0.063548956,0.634390651,,,,0.237519971,,0.237519971,1,1,1,0,1,0
0.07730501,0.088437657,0.905614629,0.232554996,0.044316448,0.714674816,0.228586582,0.095920806,0.6360601,,,,0.232554996,,0.232554996,1,1,1,0,1,0
0.094273737,0.100716004,0.879397873,0.225316456,0.048786778,0.679399455,0.182975338,0.128875804,0.637729549,,,,0.225316456,0.225316456,0.225316456,1,1,1,0,0,0
0.103976648,0.116070929,0.856085672,0.213223547,0.068505663,0.636816581,0,0.171488309,0.639398998,,,,0.213223547,0.213223547,0.213223547,1,1,1,0,0,0
0.143406658,0.136292443,0.833632208,0.202482487,0.099959165,0.596226666,0,0.217997952,0.641068447,,,,0.202482487,0.202482487,,1,1,1,0,0,1
0.200623824,0.14678078,0.809132928,0.19864815,0.120333555,0.588653425,0,0.233757183,0.642737896,,,,0.19864815,0.19864815,,1,1,1,0,0,1
0.235707076,0.15617833,0.800191953,0.197554381,0.13111178,0.594233708,0,0.230457416,0.644407346,,,,0.197554381,0.197554381,0.197554381,1,1,1,0,0,0
0.253148672,0.166023382,0.795292097,0.201646799,0.119667304,0.613366106,0,0.211867782,0.646076795,,,,0.201646799,0.201646799,,1,1,1,0,0,1
0.233861067,0.177155004,0.796706489,0.208737864,0.101678523,0.642396864,0,0.183137054,0.647746244,,,,0.208737864,0.208737864,,1,1,1,0,0,1
0.203206416,0.181406276,0.806354659,0.214575396,0.09461841,0.650501561,0,0.172924845,0.649415693,,,,0.214575396,0.214575396,0.214575396,1,1,1,0,0,0
0.190302545,0.184370979,0.815876544,0.218520339,0.094435728,0.648907195,0,0.17163054,0.651085142,,,,0.218520339,0.218520339,0.218520339,1,1,1,0,0,0
0.190075204,0.186720367,0.827469502,0.21741428,0.08672011,0.636152262,0,0.180050634,0.652754591,,,,0.21741428,,0.21741428,1,1,1,0,1,0
0.176216501,0.189069754,0.844113859,0.212412437,0.071901395,0.615226201,0,0.19546851,0.65442404,,,,0.212412437,,0.212412437,1,1,1,0,1,0
0.148144443,0.190300386,0.867729144,0.206919012,0.065518279,0.603268451,0,0.200745292,0.656093489,,,,0.206919012,,0.206919012,1,1,1,0,1,0
0.136168123,0.191782738,0.8820246,0.200737372,0.065109931,0.592905069,0,0.207415941,0.657762938,,,,0.200737372,,0.200737372,1,1,1,0,1,0
0.13755945,0.194803379,0.895840174,0.185178813,0.077725719,0.576762107,0,0.220814132,0.659432387,,,,0.185178813,,0.185178813,1,1,1,0,1,0
0.165167732,0.200732785,0.906119769,0.162148212,0.091706248,0.540091676,0,0.260795358,0.661101836,,,,0.162148212,0.162148212,,1,1,1,0,0,1
0.193321633,0.205851094,0.907887758,0.139080742,0.089342131,0.503089085,0,0.30970871,0.662771285,,,,0.139080742,,,1,1,1,0,1,1
0.191821183,0.212311909,0.896749425,0.112252673,0.079262395,0.459244005,0,0.382360471,0.664440735,,,,,,0.112252673,1,1,1,1,1,0
0.177798794,0.222744308,0.87523047,0.072459137,0.067452556,0.419916296,0,0.464925755,0.666110184,,,,,0.072459137,0.072459137,1,1,1,1,0,0
0.159338711,0.23997315,0.834566716,0.03673344,0.063680715,0.40636418,0,0.511335837,0.667779633,,,,,0.03673344,0.03673344,1,1,1,1,0,0
0.153318723,0.251943838,0.766751699,0.024849453,0.068065078,0.440576629,0,0.468837117,0.669449082,,,,0.024849453,0.024849453,,1,1,1,0,0,1
0.163476316,0.265424848,0.725027151,0.025709721,0.24626577,0,0,1,0.671118531,,,,0.025709721,0.025709721,,1,1,1,0,0,1
0.190593542,0.284555574,0.68509585,0.058535087,0.351286295,0,0,1,0.67278798,,,,0.058535087,0.058535087,0.058535087,1,1,1,0,0,0
0.270881264,0.314286513,0.640390978,0.111220351,0.520180962,0,0,1,0.674457429,,,,0.111220351,,,1,1,1,0,1,1
0.379786663,0.333585053,0.583436466,0.156728524,0.697833609,0,0,1,0.676126878,,,,,,,1,1,1,1,1,1
0.475206198,0.354337976,0.556613543,0.20215067,0.87210127,0,0,1,0.677796327,,,,,,0.20215067,1,1,1,1,1,0
0.555202925,0.382027186,0.53398328,0.257318422,1,0,0,1,0.679465776,,,,0.257318422,0.257318422,,1,1,1,0,0,1
0.610310366,0.423113498,0.511100447,0.303023227,1,0,0,1,0.681135225,,,,0.303023227,,,1,1,1,0,1,1
0.638000491,0.447838004,0.484757407,0.319368318,1,0,0,1,0.682804674,,,,0.319368318,,,1,1,1,0,1,1
0.636454573,0.473289702,0.474225242,0.326410225,1,0,0,1,0.684474124,,,,,0.326410225,,1,1,1,1,0,1
0.615257304,0.505929406,0.465082212,0.320044242,0.85009349,0,0,1,0.686143573,,,,,0.320044242,,1,1,1,1,0,1
0.545709167,0.552945125,0.454398505,0.305407398,0.678823959,0,0,1,0.687813022,,,,,0.305407398,,1,1,1,1,0,1
0.465730628,0.579599485,0.439118026,0.292724591,0.582572159,0,0,1,0.689482471,0.292724591,,,,0.292724591,,0,1,1,1,0,1
0.415188193,0.605694468,0.430404364,0.281442792,0.504513314,0,0,1,0.69115192,0.281442792,,,0.281442792,,,0,1,1,0,1,1
0.370538434,0.636152598,0.421589675,0.270013518,0.470921361,0,0,1,0.692821369,0.270013518,,,0.270013518,,,0,1,1,0,1,1
0.350159593,0.67598031,0.411411108,0.262369424,0.465107782,0,0,1,0.694490818,0.262369424,,,0.262369424,,,0,1,1,0,1,1
0.346558513,0.694216032,0.397140909,0.262676662,0.469814524,0,0,1,0.696160267,0.262676662,,,,,,0,1,1,1,1,1
0.349477571,0.708564077,0.389083929,0.266547868,0.48556814,0,0,1,0.697829716,0.266547868,,,,,,0,1,1,1,1,1
0.359135013,0.719304134,0.381052206,0.27480644,0.533914333,0,0,1,0.699499165,0.27480644,,,,,,0,1,1,1,1,1
0.38777997,0.726408234,0.371984947,0.281627135,0.569633992,0,0,1,0.701168614,0.281627135,,,,,,0,1,1,1,1,1
0.408022407,0.7247301,0.360518273,0.281614846,0.55212878,0,0,1,0.702838063,0.281614846,,,,,,0,1,1,1,1,1
0.398192185,0.720338983,0.355441618,0.279169227,0.559479035,0,0,1,0.704507513,0.279169227,,,0.279169227,0.279169227,,0,1,1,0,0,1
0.402347977,0.712339878,0.351046902,0.275138257,0.603666531,0,0,1,0.706176962,0.275138257,,,0.275138257,0.275138257,,0,1,1,0,0,1
0.426664363,0.699054651,0.347182583,0.273208799,0.660104451,0,0,1,0.707846411,0.273208799,,,0.273208799,0.273208799,,0,1,1,0,0,1
0.456255058,0.690999608,0.343469805,0.277374954,0.684616046,0,0,1,0.70951586,0.277374954,,,0.277374954,,,0,1,1,0,1,1
0.468640592,0.682748783,0.342333241,0.287145139,0.692439124,0,0,1,0.711185309,0.287145139,,,0.287145139,,,0,1,1,0,1,1
0.472532669,0.671729037,0.341853358,0.311122035,0.692159728,0,0,1,0.712854758,0.311122035,,,,,,0,1,1,1,1,1
0.472396264,0.65363316,0.342206956,0.340014747,0.683412495,0,0,1,0.714524207,0.340014747,,,,,,0,1,1,1,1,1
0.468040412,0.640124182,0.344075973,0.355954283,0.680425111,0,0,1,0.716193656,0.355954283,,,0.355954283,0.355954283,,0,1,1,0,0,1
0.466539962,0.623230967,0.347233097,0.366265208,0.309785295,0.407094931,0,0.842734824,0.717863105,0.366265208,,,0.366265208,0.366265208,,0,1,1,0,0,1
0.455936781,0.596017229,0.352461294,0.366252919,0.279427884,0.432471933,0,0.764322694,0.719532554,0.366252919,,,0.366252919,,,0,1,1,0,1,1
0.424027208,0.547575096,0.362488319,0.355647044,0.248092587,0.47997077,0,0.63948626,0.721202003,0.355647044,,,0.355647044,,,0,1,1,0,1,1
0.390789964,0.515019299,0.382087743,0.340358855,0.230995723,0.51730552,0,0.548031518,0.722871452,0.340358855,,,0.340358855,,,0,1,1,0,1,1
0.373857612,0.48044974,0.396105372,0.322563598,0.211910851,0.557231117,0,0.469320703,0.724540902,0.322563598,,,0.322563598,,,0,1,1,0,1,1
0.354724599,0.437042009,0.41105751,0.29813199,0.180790475,0.593502956,0,0.40578597,0.726210351,0.29813199,,,,0.29813199,,0,1,1,1,0,1
0.316976911,0.373580578,0.430303336,0.274622097,0.145414688,0.62034146,0,0.358750071,0.7278798,0.274622097,,,,,,0,1,1,1,1,1
0.266761847,0.340549309,0.459121562,0.263168244,0.126652195,0.61622268,0,0.347357342,0.729549249,0.263168244,,,0.263168244,,,0,1,1,0,1,1
0.237907736,0.310175085,0.472937135,0.253398058,0.114906832,0.607719391,0,0.350244638,0.731218698,0.253398058,,,0.253398058,0.253398058,,0,1,1,0,0,1
0.220093301,0.278989763,0.484201753,0.239805825,0.098014142,0.601806949,0,0.351624282,0.732888147,0.239805825,,,0.239805825,,,0,1,1,0,1,1
0.19283967,0.241035968,0.492258733,0.225033796,0.082389478,0.600345446,0,0.34912101,0.734557596,0.225033796,,,0.225033796,,,0,1,1,0,1,1
0.165731538,0.225820887,0.497032304,0.216062431,0.077983623,0.594167276,0,0.354497354,0.736227045,0.216062431,,,0.216062431,0.216062431,0.216062431,0,1,1,0,0,0
0.158538471,0.214493483,0.495819968,0.207951333,0.074598637,0.5754999,0,0.380056324,0.737896494,0.207951333,,,0.207951333,0.207951333,0.207951333,0,1,1,0,0,0
0.152300236,0.206382503,0.493673124,0.201413297,0.076189043,0.538563741,0,0.435512317,0.739565943,0.201413297,,,,0.201413297,0.201413297,0,1,1,1,0,0
0.154091682,0.200704816,0.491172682,0.198033673,0.088589912,0.480967249,0,0.538416681,0.741235392,0.198033673,,,,,,0,1,1,1,1,1
0.174343212,0.201012474,0.488545955,0.198476097,0.099432612,0.465355743,0,0.571912158,0.742904841,0.198476097,,,0.198476097,,,0,1,1,0,1,1
0.193048824,0.202718577,0.488369156,0.199238048,0.10388145,0.464292832,0,0.574273198,0.74457429,0.199238048,,,,,0.199238048,0,1,1,1,1,0
0.201105786,0.205711249,0.488899553,0.197947647,0.107986417,0.472596825,0,0.556707629,0.74624374,0.197947647,,,,,,0,1,1,1,1,1
0.209453745,0.210326117,0.490591771,0.193670886,0.108276559,0.478642131,0,0.543352108,0.747913189,0.193670886,,,,,,0,1,1,1,1,1
0.211354315,0.212200034,0.493319526,0.187341772,0.10736315,0.466219358,0,0.566862946,0.749582638,0.187341772,,,0.187341772,0.187341772,,0,1,1,0,0,1
0.21059045,0.213206914,0.494026722,0.179009463,0.107599562,0.449013486,0,0.603629743,0.751252087,0.179009463,,,0.179009463,,0.179009463,0,1,1,0,1,0
0.21249102,0.212759412,0.493218498,0.165589284,0.102129854,0.438982263,0,0.627211697,0.752921536,0.165589284,,,,,0.165589284,0,1,1,1,1,0
0.204925114,0.209794708,0.489480464,0.150977019,0.095918674,0.448614894,0,0.607726006,0.754590985,0.150977019,,,,,0.150977019,0,1,1,1,1,0
0.195549574,0.206382503,0.480590003,0.143849084,0.09456468,0.46695011,0,0.574059851,0.756260434,0.143849084,,,,,0.143849084,0,1,1,1,1,0
0.194876645,0.202159199,0.474730382,0.138957847,0.092275785,0.482960207,0,0.545599363,0.757929883,0.138957847,,,0.138957847,,0.138957847,0,1,1,0,1,0
0.191666591,0.196341668,0.46962847,0.138195895,0.093070988,0.491397064,0,0.532627866,0.759599332,0.138195895,,,,0.138195895,0.138195895,0,1,1,1,0,0
0.19283967,0.187307714,0.465360038,0.142202286,0.098863075,0.492327111,0,0.533765717,0.761268781,0.142202286,,,,0.142202286,0.142202286,0,1,1,1,0,0
0.202233397,0.182553001,0.462228172,0.148347057,0.105611554,0.491662791,0,0.537165045,0.76293823,0.148347057,,,,,,0,1,1,1,1,1
0.212882046,0.177994071,0.463516278,0.155511859,0.114616691,0.491463496,0,0.536653012,0.764607679,0.155511859,,,0.155511859,,,0,1,1,0,1,1
0.22696809,0.172763887,0.467481626,0.164089959,0.122869608,0.483093071,0,0.550335666,0.766277129,0.164089959,,,0.164089959,0.164089959,0.164089959,0,1,1,0,0,0
0.239335437,0.165184315,0.476069002,0.170849207,0.121848739,0.449544941,0,0.615321158,0.767946578,0.170849207,,,0.170849207,0.170849207,,0,1,1,0,0,1
0.236234507,0.161716172,0.493799409,0.169239277,0.111435879,0.414136717,0,0.688769415,0.769616027,0.169239277,,,0.169239277,,,0,1,1,0,1,1
0.218283667,0.158779437,0.505670194,0.160489124,0.105966172,0.371753139,0,0.802995392,0.771285476,0.160489124,,,0.160489124,,,0,1,1,0,1,1
0.211336128,0.156206299,0.517793549,0.133673344,0.102849836,0.327243739,0,0.95491267,0.772954925,0.133673344,,,0.133673344,,,0,1,1,0,1,1
0.210026644,0.153465347,0.529967418,0.096952194,0.094919298,0.287451006,0,1,0.774624374,0.096952194,,,0.096952194,0.096952194,,0,1,1,0,0,1
0.197495612,0.152905969,0.542166545,0.076158289,0.079670743,0.301866738,0,1,0.776293823,0.076158289,,,0.076158289,,0.076158289,0,1,1,0,1,0
0.17238808,0.153017844,0.542444371,0.062897874,0.070386211,0.344183884,0,0.867411959,0.777963272,0.062897874,,,0.062897874,,,0,1,1,0,1,1
0.156601526,0.15438832,0.538756851,0.063610667,0.064594124,0.419849864,0,0.641321045,0.779632721,0.063610667,,,0.063610667,,,0,1,1,0,1,1
0.146180218,0.158723499,0.528982396,0.080078653,0.061198392,0.544011161,0,0.407080275,0.78130217,0.080078653,,,0.080078653,0.080078653,,0,1,1,0,0,1
0.141569744,0.162918834,0.508069608,0.103527098,0.071288874,0.595163755,0,0.347428458,0.782971619,0.103527098,,,,0.103527098,,0,1,1,1,0,1
0.158984059,0.168400738,0.494658147,0.132038835,0.08551656,0.627648974,0,0.314786369,0.784641068,0.132038835,,,,,0.132038835,0,1,1,1,1,0
0.180636009,0.176791408,0.480817316,0.171721765,0.102989533,0.645054142,0,0.302042442,0.786310518,0.171721765,0.171721765,,0.171721765,,,0,0,1,0,1,1
0.20631644,0.192677742,0.465536837,0.210814797,0.122826624,0.650501561,0,0.303877226,0.787979967,0.210814797,0.210814797,,,0.210814797,,0,0,1,1,0,1
0.238098702,0.203501706,0.446114212,0.225586826,0.141610608,0.651963064,0,0.312581783,0.789649416,0.225586826,0.225586826,,,,,0,0,1,1,1,1
0.267252903,0.215696146,0.439951507,0.234717955,0.152345849,0.656414004,0,0.311017238,0.791318865,0.234717955,0.234717955,,0.234717955,,,0,0,1,0,1,1
0.283385016,0.232309672,0.437046953,0.240321986,0.155526661,0.662326447,0.163351896,0.306081811,0.792988314,0.240321986,0.240321986,,,0.240321986,,0,0,1,1,0,1
0.288086426,0.261425295,0.439193797,0.243271476,0.150669475,0.670696871,0.172898435,0.295954941,0.794657763,0.243271476,0.243271476,,,,,0,0,1,1,1,1
0.28102067,0.280136488,0.450559442,0.242988817,0.137258484,0.67581213,0.178732432,0.284619105,0.796327212,0.242988817,0.242988817,,0.242988817,,,0,0,1,0,1,1
0.260305364,0.30066566,0.462228172,0.241428045,0.119688796,0.681923869,0.185892336,0.272500996,0.797996661,0.241428045,0.241428045,,0.241428045,0.241428045,,0,0,1,0,0,1
0.232306055,0.327963305,0.4764226,0.237569129,0.102022395,0.68743772,0.192521877,0.260041532,0.79966611,0.237569129,0.237569129,,0.237569129,0.237569129,0.237569129,0,0,1,0,0,0
0.202951795,0.375510432,0.494178264,0.232505838,0.091104472,0.683717531,0.188013789,0.25521989,0.801335559,0.232505838,0.232505838,,0.232505838,,0.232505838,0,0,1,0,1,0
0.183636909,0.405045589,0.518323946,0.229642374,0.091577296,0.665780907,0.167329621,0.261990101,0.803005008,0.229642374,0.229642374,,,,0.229642374,0,0,1,1,1,0
0.18426437,0.436846227,0.524208825,0.225930933,0.092458467,0.636019398,0,0.29086306,0.804674457,0.225930933,0.225930933,,,0.225930933,,0,0,1,1,0,1
0.186646903,0.477429099,0.521531584,0.212817992,0.089782716,0.597821032,0,0.33713091,0.806343907,0.212817992,0.212817992,,0.212817992,0.212817992,,0,0,1,0,0,1
0.183555067,0.546176652,0.504180032,0.191630822,0.092641149,0.533979938,0,0.436650168,0.808013356,0.191630822,0.191630822,,0.191630822,,,0,0,1,0,1,1
0.18763811,0.58633999,0.456595863,0.179759125,0.11068366,0.503221949,0,0.519286568,0.809682805,0.179759125,0.179759125,,0.179759125,,,0,0,1,0,1,1
0.219029345,0.627901773,0.419821686,0.174327148,0.33946571,0,0,1,0.811352254,0.174327148,0.174327148,,,0.174327148,,0,0,1,1,0,1
0.262405995,0.676959221,0.379031647,0.189861128,0.410743837,0,0,1,0.813021703,0.189861128,0.189861128,,,0.189861128,,0,0,1,1,0,1
0.311693508,0.754461039,0.332407244,0.230133956,0.477755808,0,0,1,0.814691152,0.230133956,0.230133956,,0.230133956,,,0,0,1,0,1,1
0.354369947,0.795043911,0.26623393,0.278677645,0.51132627,0,0,1,0.816360601,0.278677645,0.278677645,,0.278677645,,,0,0,1,0,1,1
0.374585103,0.83341724,0.237668275,0.344758511,0.562036579,0,0,1,0.81803005,0.344758511,0.344758511,,0.344758511,0.344758511,,0,0,1,0,0,1
0.403784772,0.872657605,0.214305559,0.458485928,0.662984375,0,0,1,0.819699499,0.458485928,0.458485928,,0.458485928,,,0,0,1,0,1,1
0.457728228,0.925127258,0.194302023,0.593769202,0.771851963,0,0,1,0.821368948,0.593769202,0.593769202,,,,,0,0,1,1,1,1
0.51058954,0.945544554,0.172126386,0.655868256,0.755249414,0,0,1,0.823038397,0.655868256,0.655868256,,,,,0,0,1,1,1,1
0.502841762,0.96014432,0.166367792,0.693007251,0.719003202,0,0,1,0.824707846,0.693007251,0.693007251,,0.693007251,0.693007251,,0,0,1,0,0,1
0.485554757,0.968339207,0.164675574,0.690512474,0.687420748,0,0,1,0.826377295,0.690512474,0.690512474,,0.690512474,,,0,0,1,0,1,1
0.470041012,0.967779829,0.168262067,0.645459014,0.653237766,0,0,1,0.828046745,0.645459014,0.645459014,,0.645459014,,,0,0,1,0,1,1
0.452744914,0.958633999,0.182355467,0.587575273,0.306561499,0.334684116,0,1,0.829716194,0.587575273,0.587575273,,0.587575273,0.587575273,,0,0,1,0,0,1
0.422217574,0.944481736,0.194680878,0.51849576,0.260257044,0.299408756,0,1,0.831385643,0.51849576,0.51849576,,,,0.51849576,0,0,1,1,1,0
0.381814544,0.922330369,0.209329932,0.427172176,0.216542371,0.274496778,0,1,0.833055092,0.427172176,0.427172176,,,,0.427172176,0,0,1,1,1,0
0.340529432,0.879202327,0.228626272,0.334607349,0.19119259,0.262007573,0,1,0.834724541,0.334607349,0.334607349,,,,0.334607349,0,0,1,1,1,0
0.310956923,0.852352184,0.262571667,0.3,0.184852458,0.26805288,0,1,0.83639399,0.3,0.3,,0.3,0.3,0.3,0,0,1,0,0,0
0.305991798,0.824159535,0.280529387,0.278235222,0.177545187,0.278283399,0,1,0.838063439,0.278235222,0.278235222,,0.278235222,0.278235222,0.278235222,0,0,1,0,0,0
0.298080333,0.791435923,0.296618089,0.265663021,0.165853554,0.292831994,0,1,0.839732888,0.265663021,0.265663021,,0.265663021,0.265663021,0.265663021,0,0,1,0,0,0
0.282348341,0.739553616,0.310509433,0.260636598,0.156751703,0.314488806,0,1,0.841402337,0.260636598,0.260636598,,0.260636598,0.260636598,0.260636598,0,0,1,0,0,0
0.26894432,0.71357051,0.324400778,0.264397198,0.158814933,0.32146416,0,1,0.843071786,0.264397198,0.264397198,,0.264397198,0.264397198,0.264397198,0,0,1,0,0,0
0.27134504,0.68968507,0.32505746,0.27077547,0.165799824,0.323589982,0,1,0.844741235,0.27077547,0.27077547,,0.27077547,0.27077547,0.27077547,0,0,1,0,0,0
0.280165868,0.66557588,0.321470967,0.281553398,0.170506566,0.323922142,0,1,0.846410684,0.281553398,0.281553398,,0.281553398,0.281553398,,0,0,1,0,0,1
0.284794529,0.632097108,0.313439244,0.295502028,0.171419975,0.332026839,0,1,0.848080134,0.295502028,0.295502028,,0.295502028,0.295502028,,0,0,1,0,0,1
0.284903653,0.618140628,0.296794888,0.305014133,0.180016764,0.346243274,0,1,0.849749583,0.305014133,0.305014133,,0.305014133,0.305014133,,0,0,1,0,0,1
0.296534415,0.60689713,0.287752886,0.314833477,0.185497217,0.362984123,0,1,0.851419032,0.314833477,0.314833477,,0.314833477,0.314833477,,0,0,1,0,0,1
0.303118208,0.597219891,0.279392822,0.327295072,0.185067377,0.382182954,0,1,0.853088481,0.327295072,0.327295072,,0.327295072,0.327295072,0.327295072,0,0,1,0,0,0
0.300562896,0.585920456,0.270906473,0.343885953,0.184744998,0.410682256,0,0.923820902,0.85475793,0.343885953,0.343885953,,0.343885953,0.343885953,0.343885953,0,0,1,0,0,0
0.298698701,0.581669184,0.25918723,0.360120438,0.199907585,0.42655949,0,0.890040963,0.856427379,0.360120438,0.360120438,,0.360120438,0.360120438,0.360120438,0,0,1,0,0,0
0.316858694,0.577585725,0.256181648,0.383593462,0.226052569,0.442835315,0,0.846503954,0.858096828,0.383593462,0.383593462,,0.383593462,0.383593462,0.383593462,0,0,1,0,0,0
0.345949239,0.572747105,0.256055363,0.424456188,0.269380386,0.459310436,0,0.801786425,0.859766277,0.424456188,0.424456188,,0.424456188,0.424456188,0.424456188,0,0,1,0,0,0
0.39275419,0.5634894,0.260121739,0.474069067,0.638762922,0,0,1,0.861435726,0.474069067,0.474069067,,0.474069067,0.474069067,0.474069067,0,0,1,0,0,0
0.445251757,0.555769984,0.273836284,0.494420548,0.64985278,0,0,1,0.863105175,0.494420548,0.494420548,,0.494420548,,0.494420548,0,0,1,0,1,0
0.450998936,0.545057896,0.285479757,0.503330466,0.634518257,0,0,1,0.864774624,0.503330466,0.503330466,,0.503330466,,0.503330466,0,0,1,0,1,0
0.44303291,0.527633272,0.300154068,0.493080988,0.607051516,0,0,1,0.866444073,0.493080988,0.493080988,,0.493080988,,0.493080988,0,0,1,0,1,0
0.42848309,0.489511663,0.321268911,0.462344845,0.589686002,0,0,1,0.868113523,0.462344845,0.462344845,,0.462344845,,0.462344845,0,0,1,0,1,0
0.419089363,0.464004028,0.365266588,0.431276883,0.557512519,0,0,1,0.869782972,0.431276883,0.431276883,,0.431276883,0.431276883,0.431276883,0,0,1,0,0,0
0.401238553,0.436538569,0.393908014,0.397111958,0.490887404,0,0,1,0.871452421,0.397111958,0.397111958,,0.397111958,0.397111958,0.397111958,0,0,1,0,0,0
0.362363254,0.403954802,0.424443715,0.356765393,0.177803091,0.576562811,0,0.421047391,0.87312187,0.356765393,0.356765393,,0.356765393,0.356765393,0.356765393,0,0,1,0,0,0
0.304364036,0.348296694,0.460182355,0.317279095,0.138569494,0.516375473,0,0.493315128,0.874791319,0.317279095,0.317279095,,0.317279095,0.317279095,0.317279095,0,0,1,0,0,0
0.243645821,0.319544666,0.522440836,0.303576257,0.118281072,0.486082508,0,0.508505433,0.876460768,0.303576257,0.303576257,,,0.303576257,0.303576257,0,0,1,1,0,0
0.210372203,0.292750461,0.556815599,0.293892098,0.107320166,0.474124759,0,0.510567787,0.878130217,0.293892098,0.293892098,,,0.293892098,0.293892098,0,0,1,1,0,0
0.192157647,0.266571572,0.590862021,0.286813322,0.101420619,0.493788614,0,0.455225579,0.879799666,0.286813322,0.286813322,,,0.286813322,0.286813322,0,0,1,1,0,0
0.183418662,0.230463724,0.627484656,0.283187907,0.089492575,0.56453863,0,0.330118905,0.881469115,0.283187907,0.283187907,,,0.283187907,0.283187907,0,0,1,1,0,0
0.165004047,0.215975835,0.684489683,0.285719553,0.080326248,0.604530658,0,0.258747226,0.883138564,0.285719553,0.285719553,,,0.285719553,0.285719553,0,0,1,1,0,0
0.149162931,0.20442468,0.707902912,0.29035271,0.073556277,0.634823623,0,0.218538431,0.884808013,0.29035271,0.29035271,0.29035271,,,0.29035271,0,0,0,1,1,0
0.136550056,0.195950103,0.726643599,0.297554381,0.060918997,0.659137713,0.159904535,0.189139216,0.886477462,0.297554381,0.297554381,0.297554381,0.297554381,,0.297554381,0,0,0,0,1,0
0.111606209,0.190132573,0.739524663,0.305604031,0.044144512,0.677605793,0.180853885,0.168686351,0.888146912,0.305604031,0.305604031,0.305604031,0.305604031,,0.305604031,0,0,0,0,1,0
0.077477789,0.192258209,0.746924961,0.309217156,0.042360678,0.678004385,0.181119067,0.166140411,0.889816361,0.309217156,0.309217156,0.309217156,0.309217156,0.309217156,,0,0,0,0,0,1
0.073412933,0.197768082,0.744702346,0.311036008,0.04717488,0.671892646,0.174224344,0.17208568,0.89148581,0.311036008,0.311036008,0.311036008,0.311036008,0.311036008,,0,0,0,0,0,1
0.083352278,0.208340326,0.740964312,0.310274057,0.065228137,0.65628114,0,0.187219093,0.893155259,0.310274057,0.310274057,0.310274057,0.310274057,0.310274057,,0,0,0,0,0,1
0.119517673,0.233736085,0.733564014,0.308430626,0.091888929,0.623596625,0,0.221183934,0.894824708,0.308430626,0.308430626,0.308430626,0.308430626,0.308430626,,0,0,0,0,0,1
0.167832168,0.25138446,0.714267674,0.311564459,0.108147607,0.607719391,0,0.244467201,0.896494157,0.311564459,0.311564459,0.311564459,0.311564459,0.311564459,0.311564459,0,0,0,0,0,0
0.19474024,0.270934721,0.699845932,0.318557208,0.124997314,0.599348967,0,0.258889458,0.898163606,0.318557208,0.318557208,0.318557208,0.318557208,0.318557208,0.318557208,0,0,0,0,0,0
0.220884447,0.293673435,0.680978961,0.330674696,0.144092931,0.610443101,0,0.253570006,0.899833055,0.330674696,0.330674696,0.330674696,0.330674696,0.330674696,0.330674696,0,0,0,0,0,0
0.250129584,0.332242546,0.654509636,0.343910532,0.152668228,0.671427622,0.17369398,0.201996928,0.901502504,0.343910532,0.343910532,0.343910532,0.343910532,0.343910532,0.343910532,0,0,0,0,0,0
0.265861577,0.3517089,0.598363347,0.348236451,0.149455178,0.721118714,0.23786794,0.178827445,0.903171953,0.348236451,0.348236451,0.348236451,0.348236451,0.348236451,0.348236451,0,0,0,0,0,0
0.263097111,0.369804777,0.561437628,0.349612879,0.147510155,0.762705109,0.304693715,0.159455538,0.904841402,0.349612879,0.349612879,0.349612879,,0.349612879,0.349612879,0,0,0,1,0,0
0.262024062,0.388180343,0.52047079,0.350202777,0.142556255,0.782036803,0.339962875,0.160479604,0.906510851,0.350202777,0.350202777,0.350202777,,0.350202777,0.350202777,0,0,0,1,0,0
0.254449062,0.417072216,0.476548885,0.354209168,0.14326549,0.758320601,0.297003447,0.196848154,0.908180301,0.354209168,0.354209168,0.354209168,0.354209168,0.354209168,0.354209168,0,0,0,0,0,0
0.2523939,0.430581194,0.410527113,0.365736758,0.157837048,0.720188667,0.236542031,0.261933208,0.90984975,0.365736758,0.365736758,0.365736758,0.365736758,0.365736758,0.365736758,0,0,0,0,0,0
0.269508125,0.44285954,0.382895966,0.387108271,0.17539599,0.681658141,0.185627155,0.316208682,0.911519199,0.387108271,0.387108271,0.387108271,0.387108271,0.387108271,0.387108271,0,0,0,0,0,0
0.286849691,0.454214913,0.360442502,0.42787268,0.199746395,0.648110011,0,0.368564033,0.913188648,0.42787268,0.42787268,0.42787268,0.42787268,0.42787268,0.42787268,0,0,0,0,0,0
0.310320369,0.468171393,0.34334352,0.483433698,0.466472523,0,0,1,0.914858097,0.483433698,0.483433698,0.483433698,0.483433698,0.483433698,0.483433698,0,0,0,0,0,0
0.347413315,0.470912345,0.327456874,0.506796117,0.51226117,0,0,1,0.916527546,0.506796117,0.506796117,0.506796117,0.506796117,0.506796117,0.506796117,0,0,0,0,0,0
0.375130721,0.470408905,0.327785215,0.517365122,0.538964947,0,0,1,0.918196995,0.517365122,0.517365122,0.517365122,0.517365122,0.517365122,0.517365122,0,0,0,0,0,0
0.390680841,0.46545841,0.33553911,0.504473393,0.513163833,0,0,1,0.919866444,0.504473393,0.504473393,0.504473393,0.504473393,0.504473393,0.504473393,0,0,0,0,0,0
0.375667246,0.448733009,0.354305054,0.464974806,0.200229964,0.633760712,0,0.390524549,0.921535893,0.464974806,0.464974806,0.464974806,0.464974806,0.464974806,0.464974806,0,0,0,0,0,0
0.319504942,0.436314818,0.406763822,0.430416615,0.156590513,0.677406497,0.180588703,0.306807191,0.923205342,0.430416615,0.430416615,0.430416615,0.430416615,0.430416615,0.430416615,0,0,0,0,0,0
0.263815508,0.422414275,0.44462405,0.396595797,0.122418277,0.721517306,0.238398303,0.243272458,0.924874791,0.396595797,0.396595797,0.396595797,0.396595797,0.396595797,0.396595797,0,0,0,0,0,0
0.217010558,0.406723723,0.489884576,0.36326656,0.095101979,0.757124826,0.294881994,0.192054958,0.92654424,0.36326656,0.36326656,0.36326656,0.36326656,0.36326656,0.36326656,0,0,0,0,0,0
0.176671183,0.381020305,0.546434976,0.332481258,0.075683982,0.786886335,0.349244232,0.147223645,0.928213689,0.332481258,0.332481258,0.332481258,0.332481258,0.332481258,0.332481258,0,0,0,0,0,0
0.143715842,0.371091346,0.656934307,0.32332555,0.064809044,0.792333754,0.36011668,0.107014849,0.929883139,0.32332555,0.32332555,0.32332555,0.32332555,0.32332555,0.32332555,0,0,0,0,0,0
0.123982649,0.36440678,0.71714697,0.316984146,0.056190763,0.79186873,0.359321135,0.090259999,0.931552588,0.316984146,0.316984146,0.316984146,0.316984146,0.316984146,0.316984146,0,0,0,0,0,0
0.107714132,0.361162387,0.771702069,0.31126951,0.059479035,0.780176709,0.336515513,0.083560903,0.933222037,0.31126951,0.31126951,0.31126951,0.31126951,0.31126951,0.31126951,0,0,0,0,0,0
0.114889012,0.363315993,0.811532342,0.30482979,0.081153689,0.741446888,0.268894193,0.099419696,0.934891486,0.30482979,0.30482979,0.30482979,0.30482979,0.30482979,0.30482979,0,0,0,0,0,0
0.155410259,0.36846227,0.828909151,0.302593093,0.093683509,0.71241613,0.225404402,0.115989646,0.936560935,0.302593093,0.302593093,0.302593093,0.302593093,0.302593093,0.302593093,0,0,0,0,0,0
0.176807588,0.37581809,0.808375218,0.304067838,0.105557824,0.688434199,0.193847786,0.139927178,0.938230384,0.304067838,0.304067838,0.304067838,0.304067838,,0.304067838,0,0,0,0,1,0
0.19464021,0.386809867,0.7736216,0.316308222,0.120946077,0.680329502,0.184036065,0.156340672,0.939899833,0.316308222,0.316308222,0.316308222,0.316308222,,0.316308222,0,0,0,0,1,0
0.216574063,0.411870001,0.725557548,0.33967064,0.136269853,0.695210257,0.202333599,0.158118564,0.941569282,0.33967064,0.33967064,0.33967064,0.33967064,,,0,0,0,0,1,1
0.240353924,0.427896179,0.634985982,0.352513211,0.144726944,0.703580682,0.213471228,0.180477328,0.943238731,0.352513211,0.352513211,0.352513211,0.352513211,,,0,0,0,0,1,1
0.253085016,0.446215808,0.593362463,0.359444513,0.152335103,0.702451339,0.211880138,0.196478352,0.94490818,0.359444513,0.359444513,0.359444513,0.359444513,0.359444513,,0,0,0,0,0,1
0.264852183,0.469737652,0.557169197,0.359972963,0.158277633,0.68743772,0.192521877,0.224170791,0.946577629,0.359972963,0.359972963,0.359972963,0.359972963,0.359972963,,0,0,0,0,0,1
0.273091018,0.519662136,0.519940394,0.360894679,0.175041372,0.64259616,0,0.285600501,0.948247078,0.360894679,0.360894679,0.360894679,0.360894679,0.360894679,,0,0,0,0,0,1
0.294742968,0.550232142,0.441189099,0.368219245,0.204216725,0.615292633,0,0.358650509,0.949916528,0.368219245,0.368219245,0.368219245,0.368219245,0.368219245,,0,0,0,0,0,1
0.332717997,0.583067629,0.389008158,0.380889763,0.499204797,0,0,1,0.951585977,0.380889763,0.380889763,0.380889763,,0.380889763,0.380889763,0,0,0,1,0,0
0.367364755,0.619902668,0.329199606,0.394875261,0.521685401,0,0,1,0.953255426,0.394875261,0.394875261,0.394875261,,0.394875261,0.394875261,0,0,0,1,0,0
0.380668746,0.685993176,0.264541712,0.404153865,0.502536053,0,0,1,0.954924875,0.404153865,0.404153865,0.404153865,0.404153865,0.404153865,0.404153865,0,0,0,0,0,0
0.369356261,0.718521005,0.160634456,0.396915325,0.50283694,0,0,1,0.956594324,0.396915325,0.396915325,0.396915325,0.396915325,0.396915325,0.396915325,0,0,0,0,0,0
0.369538134,0.748056162,0.119667618,0.381479661,0.50594253,0,0,1,0.958263773,0.381479661,0.381479661,0.381479661,0.381479661,0.381479661,0.381479661,0,0,0,0,0,0
0.371384143,0.774710522,0.087136615,0.359960673,0.595564057,0,0,1,0.959933222,0.359960673,0.359960673,0.359960673,0.359960673,0.359960673,0.359960673,0,0,0,0,0,0
0.42228123,0.810510712,0.060187407,0.359100406,0.884770788,0,0,1,0.961602671,0.359100406,0.359100406,0.359100406,0.359100406,0.359100406,0.359100406,0,0,0,0,0,0
0.560586358,0.82250937,0.024928649,0.421359223,1,0,0,1,0.96327212,0.421359223,0.421359223,0.421359223,0.421359223,0.421359223,0.421359223,0,0,0,0,0,0
0.669982813,0.830424568,0.012805294,0.530723854,1,0,0,1,0.964941569,0.530723854,0.530723854,0.530723854,0.530723854,0.530723854,0.530723854,0,0,0,0,0,0
0.777615103,0.834508027,0.00444523,0.706562615,1,0,0,1,0.966611018,0.706562615,0.706562615,0.706562615,0.706562615,0.706562615,0.706562615,0,0,0,0,0,0
0.885292861,0.833948649,0,0.926127565,1,0,0,1,0.968280467,0.926127565,0.926127565,0.926127565,0.926127565,,0.926127565,0,0,0,0,1,0
0.984004292,0.830284723,0.002222615,0.990512474,1,0,0,1,0.969949917,0.990512474,0.990512474,0.990512474,0.990512474,,0.990512474,0,0,0,0,1,0
0.993652641,0.825641886,0.009370343,1,1,0,0,1,0.971619366,1,1,1,1,,1,0,0,0,0,1,0
1,0.819516697,0.019599424,0.913911761,1,0,0,1,0.973288815,0.913911761,0.913911761,0.913911761,0.913911761,,0.913911761,0,0,0,0,1,0
0.957369029,0.804301617,0.033339227,0.706292245,1,0,0,1,0.974958264,0.706292245,0.706292245,0.706292245,0.706292245,,0.706292245,0,0,0,0,1,0
0.79808488,0.793477653,0.067082565,0.542915079,1,0,0,1,0.976627713,0.542915079,0.542915079,0.542915079,0.542915079,0.542915079,,0,0,0,0,0,1
0.654205353,0.781283213,0.090748365,0.391520216,0.802349073,0,0,1,0.978297162,0.391520216,0.391520216,0.391520216,0.391520216,0.391520216,,0,0,0,0,0,1
0.52453918,0.766935168,0.119440305,0.275728155,0.592179071,0,0,1,0.979966611,0.275728155,0.275728155,0.275728155,0.275728155,0.275728155,,0,0,0,0,0,1
0.420444315,0.737623762,0.15548203,0.214366474,0.478765931,0,0,1,0.98163606,0.214366474,0.214366474,0.214366474,0.214366474,0.214366474,0.214366474,0,0,0,0,0,0
0.354988315,0.721513677,0.229156669,0.233378395,0.505663135,0,0,1,0.983305509,0.233378395,0.233378395,0.233378395,,0.233378395,0.233378395,0,0,0,1,0,0
0.371220457,0.704396711,0.261586644,0.257084921,0.52854134,0,0,1,0.984974958,0.257084921,0.257084921,0.257084921,,0.257084921,0.257084921,0,0,0,1,0,0
0.384669946,0.68512614,0.286363751,0.279464176,0.512153711,0,0,1,0.986644407,0.279464176,0.279464176,0.279464176,,0.279464176,0.279464176,0,0,0,1,0,0
0.375067066,0.647647816,0.304574041,0.296337717,0.214156762,0.382116522,0,0.976460716,0.988313856,0.296337717,0.296337717,0.296337717,0.296337717,0.296337717,0.296337717,0,0,0,0,0,0
0.349714005,0.627510209,0.322759074,0.294285363,0.199166111,0.415398924,0,0.84489674,0.989983306,0.294285363,0.294285363,0.294285363,0.294285363,0.294285363,0.294285363,0,0,0,0,0,0
0.332326971,0.607092913,0.325158488,0.285559789,0.178888435,0.440178038,0,0.772116971,0.991652755,0.285559789,0.285559789,0.285559789,0.285559789,0.285559789,0.285559789,0,0,0,0,0,0
0.307783244,0.586647648,0.325764655,0.2675679,0.16374734,0.455191656,0,0.732761563,0.993322204,0.2675679,0.2675679,0.2675679,0.2675679,0.2675679,0.2675679,0,0,0,0,0,0
0.290587176,0.555881859,0.327482131,0.241600098,0.156869909,0.456254567,0,0.728323946,0.994991653,0.241600098,0.241600098,0.241600098,0.241600098,0.241600098,0.241600098,0,0,0,0,0,0
0.280802423,0.545533367,0.33604425,0.237925525,0.15421565,0.44436325,0,0.749701314,0.996661102,0.237925525,0.237925525,0.237925525,0.237925525,0.237925525,0.237925525,0,0,0,0,0,0
0.274036756,0.539240365,0.341322961,0.24985867,0.160931892,0.429615359,0,0.783680378,0.998330551,0.24985867,0.24985867,0.24985867,0.24985867,0.24985867,0.24985867,0,0,0,0,0,0
0.277601462,0.537114728,0.347409896,0.284367703,0.182477595,0.418786953,0,0.807774364,1,0.284367703,0.284367703,0.284367703,0.284367703,0.284367703,0.284367703,0,0,0,0,0,0
