¾®Ãû,DEPTH,GR,RT,AC,SP,POR,PERM,SW,SSR,SH,CJWX2,CJWX,CJWX1,,,,,,,,
ÂÞ¼ì36-361,1639.625,131.166,13.999,230.55,53.076,0.1,0.01,99.9,0,84.632,1,1.130672972,0.005732302,,,,,,,,
ÂÞ¼ì36-361,1639.75,129.675,12.229,231.935,51.965,0.1,0.01,99.9,0,82.219,1,1.061602653,0.005732302,,,,,,,,
ÂÞ¼ì36-361,1639.875,125.511,10.906,233.033,50.78,0.1,0.01,99.9,0,75.737,1,1.033401063,0.005732302,,,,,,,,
ÂÞ¼ì36-361,1640,122.217,10.259,233.36,49.536,12.319,3.9861,60.139,1,33.963,2,1.348098157,0.706162224,,,,,,,,
ÂÞ¼ì36-361,1640.125,113.708,10.025,233.156,48.259,12.291,3.9043,60.957,1,28.091,2,2.152771894,0.70455718,,,,,,,,
ÂÞ¼ì36-361,1640.25,104.288,10.011,233.449,47.002,12.331,3.9169,60.831,1,22.427,2,2.432874224,0.7068501,,,,,,,,
ÂÞ¼ì36-361,1640.375,99.043,10.221,234.74,45.822,12.509,4.0522,59.478,1,19.696,2,1.211740938,0.717053597,,,,,,,,
ÂÞ¼ì36-361,1640.5,94.903,10.709,236.89,44.769,12.806,4.3032,56.968,1,17.778,2,1.624747079,0.734078533,,,,,,,,
ÂÞ¼ì36-361,1640.625,91.846,11.454,239.706,43.871,13.194,4.6288,53.712,1,16.535,2,2.366188148,0.756319862,,,,,,,,
ÂÞ¼ì36-361,1640.75,94.291,12.263,242.703,43.166,13.608,4.9425,50.575,1,18.01,2,1.239256008,0.780051591,,,,,,,,
ÂÞ¼ì36-361,1640.875,101.785,12.831,245.249,42.609,13.959,5.1609,48.391,1,22.245,2,2.556682623,0.800171969,,,,,,,,
ÂÞ¼ì36-361,1641,110.096,13.025,246.692,42.177,14.159,5.2542,47.458,1,27.379,2,2.137233983,0.811636572,,,,,,,,
ÂÞ¼ì36-361,1641.125,113.528,12.951,246.934,41.849,14.192,5.2502,47.498,1,29.645,2,2.075379469,0.813528232,,,,,,,,
ÂÞ¼ì36-361,1641.25,114.824,12.824,246.645,41.628,14.152,5.2154,47.846,1,30.483,2,2.151078403,0.811235311,,,,,,,,
ÂÞ¼ì36-361,1641.375,114.068,12.616,245.784,41.5,14.033,5.1416,48.584,1,29.865,2,1.710562173,0.804413872,,,,,,,,
ÂÞ¼ì36-361,1641.5,107.852,12.199,244.128,41.466,13.805,4.9904,50.096,1,25.684,2,2.210819151,0.791344225,,,,,,,,
ÂÞ¼ì36-361,1641.625,96.373,11.757,242.054,41.518,13.518,4.806,51.94,1,19.009,2,2.369167891,0.774892519,,,,,,,,
ÂÞ¼ì36-361,1641.75,87.744,11.559,240.764,41.639,13.34,4.7028,52.972,1,14.708,2,2.547536365,0.764689023,,,,,,,,
ÂÞ¼ì36-361,1641.875,85.542,11.725,240.842,41.785,13.351,4.744,52.56,1,13.728,2,1.366055179,0.765319576,,,,,,,,
ÂÞ¼ì36-361,1642,89.79,11.974,242.274,41.94,13.549,4.863,51.37,1,15.783,2,1.503556376,0.776669533,,,,,,,,
ÂÞ¼ì36-361,1642.125,93.061,12.072,244.597,42.101,13.869,4.9838,50.162,1,17.57,2,2.013357063,0.795012898,,,,,,,,
ÂÞ¼ì36-361,1642.25,94.621,11.923,246.829,42.283,14.177,5.0453,49.547,1,18.562,2,2.10048306,0.812668386,,,,,,,,
ÂÞ¼ì36-361,1642.375,96.163,11.602,248.277,42.477,14.377,5.0364,49.636,1,19.497,2,1.110552278,0.824132989,,,,,,,,
ÂÞ¼ì36-361,1642.5,97.543,11.079,248.55,42.666,14.415,4.9316,50.684,1,20.254,2,1.981154389,0.826311264,,,,,,,,
ÂÞ¼ì36-361,1642.625,95.449,10.675,247.839,42.836,14.317,4.8069,51.931,1,19.084,2,1.460747863,0.820693608,,,,,,,,
ÂÞ¼ì36-361,1642.75,89.856,10.272,247.107,43,14.216,4.6742,53.258,1,16.238,2,1.562524499,0.814903984,,,,,,,,
ÂÞ¼ì36-361,1642.875,86.091,9.393,247.08,43.185,14.212,4.4292,55.708,1,14.487,2,2.468815209,0.814674692,,,,,,,,
ÂÞ¼ì36-361,1643,86.118,8.71,247.764,43.396,14.306,4.2473,57.527,1,14.557,2,1.028171178,0.820063055,,,,,,,,
ÂÞ¼ì36-361,1643.125,89.316,8.492,248.335,43.599,14.385,4.201,57.99,1,16.089,2,1.094754073,0.824591574,,,,,,,,
ÂÞ¼ì36-361,1643.25,90.726,8.804,247.96,43.723,14.334,4.287,57.13,1,16.731,2,2.407264558,0.8216681,,,,,,,,
ÂÞ¼ì36-361,1643.375,89.616,9.268,246.446,43.749,14.125,4.3625,56.375,1,16.065,2,1.608282784,0.80968759,,,,,,,,
ÂÞ¼ì36-361,1643.5,87.066,9.732,244.156,43.699,13.809,4.3925,56.075,1,14.684,2,2.388072075,0.791573517,,,,,,,,
ÂÞ¼ì36-361,1643.625,84.408,11.468,239.39,43.617,13.151,4.617,53.83,1,13.115,2,1.321852909,0.753854973,,,,,,,,
ÂÞ¼ì36-361,1643.75,82.302,14.078,230.065,43.527,11.864,4.7006,52.994,1,11.504,2,1.64742857,0.680080252,,,,,,,,
ÂÞ¼ì36-361,1643.875,80.583,17.837,216.574,43.412,10.002,4.5624,54.376,1,9.831,2,1.934215186,0.573344798,,,,,,,,
ÂÞ¼ì36-361,1644,81.39,22.717,202.867,43.242,0.1,0.001,99.9,0,17.929,1,1.153393481,0.005732302,,,,,,,,
ÂÞ¼ì36-361,1644.125,81.714,24.348,194.913,43.004,0.1,0.001,99.9,0,18.201,1,1.012012556,0.005732302,,,,,,,,
ÂÞ¼ì36-361,1644.25,81.522,25.978,193.503,42.695,0.1,0.001,99.9,0,18.04,1,1.033114438,0.005732302,,,,,,,,
ÂÞ¼ì36-361,1644.375,80.358,24.463,198.194,42.355,0.1,0.001,99.9,0,17.073,1,1.097479996,0.005732302,,,,,,,,
ÂÞ¼ì36-361,1644.5,80.154,18.825,207.637,42.02,0.1,0.001,99.9,0,16.906,1,1.00223081,0.005732302,,,,,,,,
ÂÞ¼ì36-361,1644.625,82.845,13.322,219.478,41.736,10.403,2.2854,60.867,2,10.932,2,2.207859234,0.596331327,,,,,,,,
ÂÞ¼ì36-361,1644.75,87.528,9.521,230.356,41.567,11.904,3.179,64.259,2,13.749,2,1.540950874,0.682373173,,,,,,,,
ÂÞ¼ì36-361,1644.875,91.762,7.493,238.457,41.525,13.022,3.9588,67.149,2,16.384,2,1.034693084,0.746460304,,,,,,,,
ÂÞ¼ì36-361,1645,92.779,6.4,243.161,41.603,13.671,4.4428,69.733,2,17.3,2,2.168944924,0.783662941,,,,,,,,
ÂÞ¼ì36-361,1645.125,92.776,5.947,244.531,41.775,13.86,4.6848,71.508,2,17.423,2,2.578414924,0.794496991,,,,,,,,
ÂÞ¼ì36-361,1645.25,97.429,6.212,243.925,42.023,13.777,4.799,70.323,2,19.74,2,2.351176504,0.78973918,,,,,,,,
ÂÞ¼ì36-361,1645.375,109.742,7.293,241.617,42.318,13.458,4.3803,66.197,2,26.565,2,1.486279974,0.771453138,,,,,,,,
ÂÞ¼ì36-361,1645.5,124.545,9.382,237.774,42.648,0,0,100,2,36.31,2,1.062796637,0,,,,,,,,
ÂÞ¼ì36-361,1645.625,131.958,12.823,233.64,42.989,0,0,100,0,41.634,1,1.071568946,0,,,,,,,,
ÂÞ¼ì36-361,1645.75,129.099,17.368,231.171,43.289,0,0,100,0,38.917,1,1.158243071,0,,,,,,,,
ÂÞ¼ì36-361,1645.875,124.026,19.643,231.203,43.5,0,0,100,0,35.003,1,1.072597851,0,,,,,,,,
ÂÞ¼ì36-361,1646,123.321,21.917,233.555,43.571,0,0,100,0,34.802,1,1.048689564,0,,,,,,,,
ÂÞ¼ì36-361,1646.125,125.226,23.096,237.788,43.463,0,0,100,0,36.834,1,1.091735166,0,,,,,,,,
ÂÞ¼ì36-361,1646.25,123.801,20.303,242.572,43.146,0,0,100,0,36.419,1,1.128340991,0,,,,,,,,
ÂÞ¼ì36-361,1646.375,121.818,15.827,246.51,42.697,0,0,100,0,35.467,1,1.095364973,0,,,,,,,,
ÂÞ¼ì36-361,1646.5,118.593,12.078,248.333,42.19,0,0,100,0,33.341,1,1.135129718,0,,,,,,,,
ÂÞ¼ì36-361,1646.625,112.793,9.596,247.201,41.693,0,0,100,0,29.189,1,1.050967266,0,,,,,,,,
ÂÞ¼ì36-361,1646.75,102.241,8.225,243.885,41.262,0,0,100,0,22.36,1,1.077663924,0,,,,,,,,
ÂÞ¼ì36-361,1646.875,88.431,7.816,238.655,40.888,0,0,100,0,14.843,1,1.054435496,0,,,,,,,,
ÂÞ¼ì36-361,1647,77.85,8.264,231.758,40.551,0,0,100,0,9.859,1,1.167162449,0,,,,,,,,
ÂÞ¼ì36-361,1647.125,69.626,9.858,223.966,40.225,8.647,3.5401,58.874,3,8.98,2,2.492357722,0.495672112,,,,,,,,
ÂÞ¼ì36-361,1647.25,63.983,13.706,216.669,39.905,14,5,52.636,3,5.259,2,1.103244471,0.802522213,,,,,,,,
ÂÞ¼ì36-361,1647.375,60.985,21.546,210.671,39.602,11.74,4.4,43.901,3,3.418,2,2.207220817,0.672972198,,,,,,,,
ÂÞ¼ì36-361,1647.5,60.4,36.213,206.86,39.338,10.126,3.5,35.999,3,3.069,2,2.364774873,0.580452852,,,,,,,,
ÂÞ¼ì36-361,1647.625,61.894,55.668,207.664,39.128,8.651,3.1666,31.424,3,3.967,2,2.600945307,0.495901404,,,,,,,,
ÂÞ¼ì36-361,1647.75,64.163,60.12,213.423,38.984,8.466,2.3687,31.424,3,5.373,2,1.461487523,0.485296647,,,,,,,,
ÂÞ¼ì36-361,1647.875,68.645,46.78,222.494,38.884,10.08,2.4524,31.424,3,5.959,2,2.568606651,0.577815993,,,,,,,,
ÂÞ¼ì36-361,1648,76.229,28.527,231.764,38.815,11.971,2.9529,36.618,3,9.241,2,2.304096544,0.686213815,,,,,,,,
ÂÞ¼ì36-361,1648.125,84.021,15.431,238.807,38.773,12.139,3.6035,46.646,3,12.902,2,1.858143499,0.695844081,,,,,,,,
ÂÞ¼ì36-361,1648.25,91.321,8.965,244.16,38.766,13.514,4.2398,58.421,3,16.679,2,2.285088652,0.774663227,,,,,,,,
ÂÞ¼ì36-361,1648.375,97.072,6.582,248.25,38.791,14.373,4.938,65.916,3,19.974,2,1.151375739,0.823903697,,,,,,,,
ÂÞ¼ì36-361,1648.5,96.691,5.835,250.609,38.845,14.699,5.3464,68.697,3,20.003,2,2.280658112,0.842591,,,,,,,,
ÂÞ¼ì36-361,1648.625,93.358,6.083,250.281,38.918,14.654,5.4639,67.457,3,18.245,2,2.57906182,0.840011465,,,,,,,,
ÂÞ¼ì36-361,1648.75,90.234,7.229,248.133,39,14.357,5.3758,62.955,3,16.509,2,1.885895799,0.822986529,,,,,,,,
ÂÞ¼ì36-361,1648.875,87.372,9.353,245.219,39.083,13.955,4.8832,56.693,3,14.913,2,2.115814444,0.799942677,,,,,,,,
ÂÞ¼ì36-361,1649,84.186,13.015,242.575,39.164,13.59,4.3088,49.145,3,13.274,2,1.230807416,0.779019776,,,,,,,,
ÂÞ¼ì36-361,1649.125,84.048,19.724,241.487,39.243,13.44,4.2798,40.298,3,13.127,2,2.641785779,0.770421324,,,,,,,,
ÂÞ¼ì36-361,1649.25,82.542,28.689,242.547,39.314,13.587,4.3052,33.109,3,12.566,2,1.882319323,0.778847807,,,,,,,,
ÂÞ¼ì36-361,1649.375,84.348,33.86,245.603,39.375,14.008,4.7525,29.7,3,13.589,2,1.245474695,0.802980797,,,,,,,,
ÂÞ¼ì36-361,1649.5,90.318,28.791,249.46,39.423,14.54,4.9723,31.211,3,16.668,2,1.32494624,0.833476641,,,,,,,,
ÂÞ¼ì36-361,1649.625,94.573,21.492,252.35,39.461,14.939,5.1218,35.309,3,19.062,2,2.392427974,0.856348524,,,,,,,,
ÂÞ¼ì36-361,1649.75,95.821,15.591,253.872,39.506,15.149,5.2394,40.969,3,19.861,2,2.141424337,0.868386357,,,,,,,,
ÂÞ¼ì36-361,1649.875,98.338,11.263,254.671,39.58,15.26,5.4011,47.908,3,21.297,2,1.689056948,0.874749212,,,,,,,,
ÂÞ¼ì36-361,1650,101.107,8.317,255.513,39.705,15.376,5.4603,55.397,3,22.937,2,2.628599183,0.881398682,,,,,,,,
ÂÞ¼ì36-361,1650.125,98.386,6.736,256.67,39.901,15.536,5.5873,61.019,3,21.527,2,1.570762233,0.890570364,,,,,,,,
ÂÞ¼ì36-361,1650.25,94.015,6.244,258.186,40.183,15.745,5.7479,62.67,3,19.332,2,1.369454325,0.902550874,,,,,,,,
ÂÞ¼ì36-361,1650.375,92.911,6.288,260.569,40.515,16.074,5.8501,61.366,3,18.987,2,1.095929809,0.921410146,,,,,,,,
ÂÞ¼ì36-361,1650.5,99.199,6.706,264.164,40.853,16.57,5.9523,57.919,3,22.76,2,2.505695681,0.949842362,,,,,,,,
ÂÞ¼ì36-361,1650.625,111.452,7.706,267.543,41.143,17.036,6.1933,52.781,3,30.817,2,2.253721545,0.976554887,,,,,,,,
ÂÞ¼ì36-361,1650.75,120.981,9.564,267.786,41.311,0,0,100,0,37.843,1,1.044067155,0,,,,,,,,
ÂÞ¼ì36-361,1650.875,126.306,12.559,263.38,41.339,0,0,100,0,41.502,1,1.145930882,0,,,,,,,,
ÂÞ¼ì36-361,1651,126.477,16.823,255.821,41.22,0,0,100,0,40.485,1,1.013347888,0,,,,,,,,
ÂÞ¼ì36-361,1651.125,116.156,21.187,249.672,40.965,0,0,100,0,31.787,1,1.149061774,0,,,,,,,,
ÂÞ¼ì36-361,1651.25,102.073,24.017,247.65,40.589,0,0,100,0,22.659,1,1.112661776,0,,,,,,,,
ÂÞ¼ì36-361,1651.375,93.922,24.151,249.047,40.151,0,0,100,0,18.415,1,1.16208707,0,,,,,,,,
ÂÞ¼ì36-361,1651.5,91.483,22.218,251.733,39.693,14.854,5.0438,34.895,4,17.442,2,2.59580462,0.851476068,,,,,,,,
ÂÞ¼ì36-361,1651.625,90.594,18.75,254.318,39.258,15.211,5.6202,37.232,4,17.24,2,1.564210851,0.871940384,,,,,,,,
ÂÞ¼ì36-361,1651.75,88.44,14.983,256.658,38.888,15.534,5.6943,40.918,4,16.404,2,1.124946246,0.890455718,,,,,,,,
ÂÞ¼ì36-361,1651.875,88.302,11.819,258.501,38.589,15.788,5.4557,45.443,4,16.501,2,1.662475575,0.905015764,,,,,,,,
ÂÞ¼ì36-361,1652,89.958,9.429,259.449,38.356,15.919,4.9475,50.525,4,17.393,2,1.897319184,0.912525079,,,,,,,,
ÂÞ¼ì36-361,1652.125,90.708,7.993,259.412,38.18,15.914,4.5109,54.891,4,17.762,2,1.051815758,0.912238464,,,,,,,,
ÂÞ¼ì36-361,1652.25,87.648,7.3,258.888,38.063,15.842,4.3184,57.658,4,16.222,2,2.204991274,0.908111207,,,,,,,,
ÂÞ¼ì36-361,1652.375,86.37,7.137,257.871,37.99,15.701,4.1891,58.755,4,15.531,2,2.678510067,0.900028662,,,,,,,,
ÂÞ¼ì36-361,1652.5,87.99,7.358,256.159,37.956,15.465,4.2699,58.609,4,16.145,2,2.629147151,0.88650043,,,,,,,,
ÂÞ¼ì36-361,1652.625,88.443,7.904,253.849,37.951,15.146,4.383,57.55,4,16.158,2,1.756308069,0.868214388,,,,,,,,
ÂÞ¼ì36-361,1652.75,86.454,8.849,251.667,37.966,14.845,4.5607,55.32,4,15.039,2,2.490976068,0.850960161,,,,,,,,
ÂÞ¼ì36-361,1652.875,85.824,10.335,250.216,37.993,14.645,4.7222,51.78,4,14.629,2,1.385777968,0.839495557,,,,,,,,
ÂÞ¼ì36-361,1653,85.35,12.25,249.766,38.033,14.583,4.9322,47.731,4,14.377,2,1.283889936,0.835941531,,,,,,,,
ÂÞ¼ì36-361,1653.125,84.357,14.314,250.218,38.088,14.645,5.223,43.997,4,13.97,2,2.158721433,0.839495557,,,,,,,,
ÂÞ¼ì36-361,1653.25,83.028,15.949,251.042,38.153,14.759,5.4654,41.411,4,13.451,2,2.332727227,0.846030381,,,,,,,,
ÂÞ¼ì36-361,1653.375,80.961,16.867,252.071,38.209,14.901,5.6915,39.943,4,12.641,2,2.542017262,0.854170249,,,,,,,,
ÂÞ¼ì36-361,1653.5,80.25,17.034,253.3,38.241,15.07,5.7885,39.369,4,12.436,2,1.242505449,0.863857839,,,,,,,,
ÂÞ¼ì36-361,1653.625,81.369,16.374,254.575,38.239,15.246,5.6754,39.763,4,13.014,2,1.032688597,0.87394669,,,,,,,,
ÂÞ¼ì36-361,1653.75,84.03,15.147,255.601,38.191,15.388,5.4654,41.022,4,14.268,2,2.245417244,0.882086558,,,,,,,,
ÂÞ¼ì36-361,1653.875,85.125,13.655,256.324,38.106,15.488,5.3518,42.97,4,14.824,2,1.92845995,0.887818859,,,,,,,,
ÂÞ¼ì36-361,1654,88.11,12.253,256.747,37.99,15.546,5.2757,45.218,4,16.254,2,1.728364091,0.891143594,,,,,,,,
ÂÞ¼ì36-361,1654.125,93.637,11.178,256.45,37.847,15.505,5.263,47.448,4,18.969,2,1.365285257,0.888793351,,,,,,,,
ÂÞ¼ì36-361,1654.25,96.769,10.52,255.071,37.68,15.315,5.1805,49.42,4,20.485,2,2.626944843,0.877901978,,,,,,,,
ÂÞ¼ì36-361,1654.375,99.451,10.321,252.514,37.501,14.962,5.06,50.887,4,21.691,2,2.658736648,0.857666953,,,,,,,,
ÂÞ¼ì36-361,1654.5,102.091,10.499,248.848,37.315,14.456,4.9394,51.938,4,22.796,2,1.985789592,0.828661508,,,,,,,,
ÂÞ¼ì36-361,1654.625,97.432,11.041,243.969,37.134,13.783,4.7272,52.728,4,19.746,2,1.720117396,0.790083118,,,,,,,,
ÂÞ¼ì36-361,1654.75,86.682,11.943,238.672,36.98,13.052,4.6916,53.084,4,14.055,2,2.624078122,0.748179994,,,,,,,,
ÂÞ¼ì36-361,1654.875,78.372,13.067,234.141,36.876,12.426,4.7102,52.898,0,10.233,1,1.082656816,0.712295787,,,,,,,,
ÂÞ¼ì36-361,1655,71.297,14.225,231.259,36.843,12.029,4.7891,52.109,0,7.413,1,1.094622153,0.68953855,,,,,,,,
ÂÞ¼ì36-361,1655.125,70.349,15.063,230.25,36.891,11.889,4.8859,51.141,0,7.018,1,1.065384886,0.681513328,,,,,,,,
ÂÞ¼ì36-361,1655.25,73.229,15.497,230.735,37.031,11.956,4.9821,50.179,0,8.065,1,1.000695797,0.68535397,,,,,,,,
ÂÞ¼ì36-361,1655.375,74.858,15.639,233.231,37.235,12.301,5.1232,48.768,0,8.83,1,1.008296949,0.70513041,,,,,,,,
ÂÞ¼ì36-361,1655.5,74.909,14.956,238.096,37.487,12.972,5.2318,47.682,0,9.185,1,1.037771652,0.743594153,,,,,,,,
ÂÞ¼ì36-361,1655.625,78.348,14.445,244.473,37.773,13.852,5.4095,45.905,0,10.98,1,1.150207386,0.794038406,,,,,,,,
ÂÞ¼ì36-361,1655.75,82.974,14.273,249.864,38.079,14.596,5.5815,44.185,5,13.332,2,1.792669689,0.83668673,,,,,,,,
ÂÞ¼ì36-361,1655.875,86.781,14.442,252.654,38.385,14.981,5.7029,42.971,5,15.274,2,2.187472722,0.858756091,,,,,,,,
ÂÞ¼ì36-361,1656,88.818,14.933,252.671,38.68,14.984,5.7746,42.254,5,16.233,2,1.042273579,0.85892806,,,,,,,,
ÂÞ¼ì36-361,1656.125,88.356,15.814,251.365,38.959,14.803,5.852,41.48,5,15.899,2,2.012194792,0.848552594,,,,,,,,
ÂÞ¼ì36-361,1656.25,87.612,16.993,250.944,39.229,14.745,5.9851,40.149,5,15.513,2,2.151771551,0.845227859,,,,,,,,
ÂÞ¼ì36-361,1656.375,89.118,18.299,252.039,39.505,14.896,6.1642,38.358,5,16.32,2,2.081980687,0.853883634,,,,,,,,
ÂÞ¼ì36-361,1656.5,91.399,19.374,253.895,39.797,15.152,6.3254,36.746,5,17.598,2,1.351994082,0.868558326,,,,,,,,
ÂÞ¼ì36-361,1656.625,90.096,20.033,254.94,40.109,15.297,6.4151,35.849,5,17.052,2,2.47567816,0.876870163,,,,,,,,
ÂÞ¼ì36-361,1656.75,89.142,20.269,254.636,40.439,15.255,6.4278,35.722,5,16.562,2,1.986842755,0.874462597,,,,,,,,
ÂÞ¼ì36-361,1656.875,89.331,19.774,253.741,40.777,15.131,6.3584,36.416,5,16.573,2,2.560838589,0.867354543,,,,,,,,
ÂÞ¼ì36-361,1657,88.386,18.487,254.093,41.114,15.18,6.244,37.56,5,16.152,2,1.750239898,0.870163371,,,,,,,,
ÂÞ¼ì36-361,1657.125,89.76,16.881,258.195,41.443,15.746,6.1889,38.111,5,17.182,2,2.181755137,0.902608197,,,,,,,,
ÂÞ¼ì36-361,1657.25,97.969,15.694,264.822,41.744,16.66,6.2314,37.686,5,22.133,2,2.298179222,0.955001433,,,,,,,,
ÂÞ¼ì36-361,1657.375,109.499,15.076,270.243,41.997,17.409,6.2948,37.052,5,29.831,2,1.163886959,0.997936371,,,,,,,,
ÂÞ¼ì36-361,1657.5,116.612,14.889,270.508,42.176,17.445,6.2782,37.218,5,34.89,2,1.070723513,1,,,,,,,,
ÂÞ¼ì36-361,1657.625,114.35,15.054,264.388,42.256,16.601,6.1404,38.596,5,32.429,2,1.58384945,1,,,,,,,,
ÂÞ¼ì36-361,1657.75,107.996,15.611,256.928,42.213,15.571,5.9994,40.006,5,27.246,2,2.464692632,1,,,,,,,,
ÂÞ¼ì36-361,1657.875,99.562,16.618,251.916,42.087,14.879,5.9709,40.291,5,21.692,2,2.296929602,0.980042155,,,,,,,,
ÂÞ¼ì36-361,1658,94.027,18.073,250.273,41.913,14.653,6.0862,39.138,5,18.584,2,1.43180971,0.965156106,,,,,,,,
ÂÞ¼ì36-361,1658.125,91.429,19.797,250.503,41.729,14.684,6.2673,37.327,5,17.303,2,1.038212146,0.967197998,,,,,,,,
ÂÞ¼ì36-361,1658.25,89.952,21.416,250.8,41.564,14.725,6.4195,35.805,5,16.611,2,2.224182958,0.969898564,,,,,,,,
ÂÞ¼ì36-361,1658.375,89.628,22.07,251.234,41.422,14.785,6.4851,35.149,5,16.493,2,1.748619198,0.973850613,,,,,,,,
ÂÞ¼ì36-361,1658.5,86.934,21.737,252.221,41.299,14.922,6.4856,35.144,5,15.308,2,2.065241744,0.982874457,,,,,,,,
ÂÞ¼ì36-361,1658.625,84.081,20.96,253.442,41.195,15.09,6.4548,35.452,5,14.112,2,1.869850183,0.993940192,,,,,,,,
ÂÞ¼ì36-361,1658.75,82.542,20.019,254.106,41.123,15.182,6.3909,36.091,5,13.486,2,2.257980048,1,,,,,,,,
ÂÞ¼ì36-361,1658.875,80.769,18.802,254.029,41.088,15.171,6.2737,37.263,5,12.714,2,2.523697488,1,,,,,,,,
ÂÞ¼ì36-361,1659,76.001,17.515,253.442,41.102,15.09,6.1218,38.782,5,10.704,2,2.359856891,1,,,,,,,,
ÂÞ¼ì36-361,1659.125,70.31,16.747,252.32,41.169,14.935,5.9991,40.009,5,8.453,2,2.073458622,1,,,,,,,,
ÂÞ¼ì36-361,1659.25,67.601,16.66,250.22,41.296,14.645,5.9219,40.781,5,7.345,2,1.605197476,1,,,,,,,,
ÂÞ¼ì36-361,1659.375,68.402,17.256,246.486,41.461,14.13,5.8699,41.301,5,7.384,2,1.136687803,1,,,,,,,,
ÂÞ¼ì36-361,1659.5,71.645,18.754,240.609,41.644,13.319,5.8356,41.644,5,8.152,2,2.016152572,0.978906365,,,,,,,,
ÂÞ¼ì36-361,1659.625,75.905,21.263,232.068,41.827,12.14,5.7709,42.291,5,9.141,2,2.305077857,0.892253418,,,,,,,,
ÂÞ¼ì36-361,1659.75,74.531,24.914,221.905,42.002,10.738,5.6666,43.334,5,7.947,2,2.562566358,0.789210642,,,,,,,,
ÂÞ¼ì36-361,1659.875,70.205,29.985,211.562,42.175,9.311,5.5446,44.554,5,5.807,2,2.47474187,0.684330442,,,,,,,,
ÂÞ¼ì36-361,1660,66.497,35.992,202.992,42.351,0.1,0.001,99.9,0,6.875,1,1.037626166,0.007349699,,,,,,,,
ÂÞ¼ì36-361,1660.125,67.139,41.744,198.853,42.531,0.1,0.001,99.9,0,7.298,1,1.064240491,0.007349699,,,,,,,,
ÂÞ¼ì36-361,1660.25,70.607,44.936,199.496,42.701,0.1,0.001,99.9,0,9.662,1,1.092063696,0.007349699,,,,,,,,
ÂÞ¼ì36-361,1660.375,74.624,44.225,204.513,42.841,0.1,0.001,99.9,0,12.574,1,1.013956099,0.007349699,,,,,,,,
ÂÞ¼ì36-361,1660.5,78.918,39.539,212.447,42.932,9.433,6.1625,38.375,6,8.911,2,1.860763632,0.693297075,,,,,,,,
ÂÞ¼ì36-361,1660.625,85.086,32.493,220.811,42.964,10.587,6.1598,38.402,6,11.947,2,1.796157743,0.778112597,,,,,,,,
ÂÞ¼ì36-361,1660.75,91.489,25.644,227.072,42.94,11.451,5.9542,40.458,6,15.265,2,2.495951914,0.841613994,,,,,,,,
ÂÞ¼ì36-361,1660.875,94.408,20.474,230.312,42.906,11.898,5.6162,43.838,6,16.936,2,2.398222642,0.874467147,,,,,,,,
ÂÞ¼ì36-361,1661,94.843,16.205,231.283,42.905,12.032,5.1189,48.811,6,17.236,2,2.401451608,0.884315743,,,,,,,,
ÂÞ¼ì36-361,1661.125,89.154,15.749,231.851,42.975,12.11,5.0758,49.242,6,14.6,2,2.175614945,0.890048508,,,,,,,,
ÂÞ¼ì36-361,1661.25,81.21,16.268,233.438,43.156,12.33,5.2277,47.723,6,11.313,2,1.433733093,0.906217845,,,,,,,,
ÂÞ¼ì36-361,1661.375,80.223,17.588,236.274,43.435,12.721,5.5298,44.702,6,11.125,2,1.991629497,0.934955167,,,,,,,,
ÂÞ¼ì36-361,1661.5,88.002,19.515,239.839,43.81,13.213,5.8899,41.101,6,14.747,2,2.111649611,0.971115684,,,,,,,,
ÂÞ¼ì36-361,1661.625,100.567,22.003,242.521,44.277,13.583,6.2184,37.816,6,21.288,2,1.145008819,0.998309569,,,,,,,,
ÂÞ¼ì36-361,1661.75,111.278,24.808,242.689,44.854,13.606,6.4438,35.562,6,27.661,2,2.487895263,1,,,,,,,,
ÂÞ¼ì36-361,1661.875,117.668,27.207,239.892,45.521,13.22,6.5207,34.793,6,31.582,2,2.585624614,1,,,,,,,,
ÂÞ¼ì36-361,1662,116.168,28.067,235.374,46.269,12.597,6.4319,35.681,6,29.984,2,2.467161991,1,,,,,,,,
ÂÞ¼ì36-361,1662.125,106.976,27.713,231.598,47.08,12.076,6.2788,37.212,6,23.776,2,1.86026171,1,,,,,,,,
ÂÞ¼ì36-361,1662.25,94.231,26.74,229.936,47.929,11.846,6.1499,38.501,6,16.816,2,2.456552442,1,,,,,,,,
ÂÞ¼ì36-361,1662.375,86.139,25.285,230.315,48.786,0.1,0.001,99.9,0,22.058,1,1.083703876,1,,,,,,,,
ÂÞ¼ì36-361,1662.5,88.698,21.255,231.952,49.637,0.1,0.001,99.9,0,24.419,1,1.12438284,1,,,,,,,,
ÂÞ¼ì36-361,1662.625,95.512,19.547,233.908,50.48,0.1,0.001,99.9,0,31.206,1,1.01525871,1,,,,,,,,
ÂÞ¼ì36-361,1662.75,100.291,18.505,235.371,51.325,0.1,0.001,99.9,0,36.438,1,1.131146856,1,,,,,,,,
ÂÞ¼ì36-361,1662.875,105.656,18.029,236.213,52.176,0.1,0.001,99.9,0,42.818,1,1.091412894,1,,,,,,,,
ÂÞ¼ì36-361,1663,113.816,17.771,237.072,53.029,0.1,0.001,99.9,0,53.658,1,1.07017052,1,,,,,,,,
ÂÞ¼ì36-361,1663.125,123.423,17.605,239.943,53.866,0.1,0.001,99.9,0,68.414,1,1.106093506,1,,,,,,,,
ÂÞ¼ì36-361,1663.25,131.997,17.819,246.773,54.651,0.1,0.001,99.9,0,83.686,1,1.048230941,1,,,,,,,,
